user_id,reranked_cosine_rec
1,"[9655212, 9297615, 8293439, 1122428, 968164]"
2,"[1103898, 970481, 7433029, 857966, 1118878]"
6,"[900802, 1098844, 13115375, 863447, 9420159]"
7,"[9338009, 9527174, 871513, 6533878, 10142276]"
8,"[8159536, 1090507, 981660, 15926927, 12808385]"
9,"[1056005, 12171886, 10456457, 1056509, 862799]"
13,"[1011089, 9859111, 906387, 942687, 13512204]"
14,"[1025611, 5568987, 906646, 1017221, 910673]"
15,"[845208, 13841744, 1082212, 1052975, 1059902]"
16,"[13007710, 1029743, 1106523, 1037840, 5568378]"
18,"[961620, 1053628, 1029313, 938118, 1118878]"
19,"[1025611, 939900, 910673, 1137885, 949620]"
20,"[944836, 8090536, 1075368, 945611, 10149303]"
21,"[1029743, 1031864, 1049735, 5569135, 1106523]"
22,"[1104349, 1082185, 1076954, 900311, 827656]"
23,"[1138858, 6552995, 1005274, 907647, 9831557]"
24,"[926905, 1008814, 844462, 9835619, 1016800]"
25,"[15926927, 1075786, 13213122, 13008065, 1027039]"
26,"[5570406, 6979191, 13910974, 1083043, 978129]"
27,"[963686, 1102416, 12599756, 1118264, 1057168]"
28,"[854900, 6534881, 6533911, 6533368, 5996184]"
29,"[978077, 950894, 968992, 1083446, 1065871]"
30,"[1029743, 1044078, 910473, 1025581, 1106523]"
31,"[1027474, 1131133, 12385374, 16729415, 968992]"
32,"[8293447, 908312, 5995603, 1114218, 959737]"
33,"[9835747, 12810472, 871756, 9831469, 1025611]"
34,"[1044078, 919534, 1029743, 1056005, 1106523]"
35,"[953539, 1019078, 9213586, 5565202, 1092885]"
36,"[7409970, 849578, 962229, 7410289, 9676923]"
37,"[1067695, 1056212, 916990, 1097001, 948670]"
39,"[9655212, 6395907, 1127716, 9416729, 13158992]"
40,"[928263, 1024198, 7409698, 1112205, 1083043]"
41,"[843418, 12262830, 909714, 9419888, 1120009]"
42,"[946839, 6602697, 1112766, 839656, 1060673]"
43,"[1106523, 1029743, 847207, 1072523, 1044078]"
46,"[1121360, 13213057, 862335, 7442008, 865892]"
47,"[8119318, 8119103, 6533681, 5580801, 1101744]"
49,"[1139782, 1009361, 1078741, 1135195, 901067]"
51,"[5571541, 946011, 1082212, 1028995, 8015407]"
52,"[1116020, 993592, 1125123, 937403, 879280]"
53,"[9368289, 7166724, 833940, 906335, 1057365]"
55,"[1097280, 6391086, 1110743, 7409554, 1106091]"
56,"[9655212, 9803545, 8249459, 1003321, 15716671]"
57,"[997700, 1065871, 9677102, 13213475, 13008412]"
58,"[953243, 12524960, 1136375, 1054539, 916758]"
59,"[852360, 13115375, 1086061, 826385, 949142]"
62,"[1106523, 1029743, 844179, 1037840, 1132771]"
63,"[897733, 9828865, 865718, 899624, 1029743]"
64,"[1093413, 1013928, 12988115, 949023, 987615]"
65,"[961889, 871722, 909800, 932347, 825135]"
67,"[5564876, 13417761, 1139782, 971922, 6039687]"
68,"[1075470, 918098, 859075, 950894, 899473]"
69,"[1044188, 5570109, 1037631, 902377, 7169261]"
70,"[1029743, 1106523, 844179, 1037840, 1132771]"
71,"[1056509, 10149656, 1123434, 1116020, 832968]"
72,"[922460, 6463943, 8019681, 1086367, 938596]"
75,"[1029743, 1106523, 1132771, 1037840, 1122358]"
77,"[955921, 9677874, 849578, 6979128, 861021]"
78,"[930385, 6773232, 1039627, 904493, 912817]"
79,"[1087411, 974988, 1103513, 1026945, 970866]"
80,"[1055504, 1134821, 9928420, 870843, 6919087]"
81,"[898847, 1093413, 988136, 7410346, 1021248]"
82,"[1084036, 880150, 849202, 847573, 910473]"
83,"[841309, 1037332, 1059902, 980984, 940731]"
84,"[903529, 829722, 901061, 920025, 984283]"
85,"[1139782, 926033, 6552995, 871722, 849578]"
86,"[865026, 899201, 1135195, 10121561, 5569376]"
87,"[1079528, 1008820, 955240, 8293385, 1106523]"
88,"[849100, 929018, 924004, 838347, 1036159]"
91,"[910151, 1000148, 972342, 13007507, 962343]"
92,"[1093603, 845208, 13213480, 856335, 15452631]"
94,"[1029743, 985889, 961979, 1044078, 1106523]"
95,"[1090587, 13876791, 1088771, 849018, 824605]"
97,"[6463752, 880888, 8019805, 835618, 852690]"
98,"[1091858, 9333437, 847241, 922092, 1086352]"
99,"[1004857, 1089021, 8293439, 970158, 992151]"
100,"[1118235, 1085780, 15926712, 1078741, 899565]"
101,"[1121360, 858999, 12731432, 929410, 1090931]"
103,"[1106523, 1029743, 823990, 1122358, 986912]"
104,"[919534, 1016709, 930955, 1031419, 1048299]"
105,"[12731809, 838940, 12263842, 8067128, 1012723]"
106,"[1121393, 910473, 968992, 972191, 5568489]"
107,"[1025611, 972665, 957063, 1133312, 7442008]"
109,"[8290421, 12731436, 862682, 8019954, 1106601]"
110,"[10204440, 845677, 909750, 918098, 6463729]"
111,"[9677874, 5566809, 9707422, 13513326, 947797]"
112,"[9527159, 9803545, 910473, 5569327, 849202]"
113,"[933354, 13008325, 879031, 1139525, 13876725]"
114,"[5568489, 999207, 1074775, 1017739, 7025203]"
115,"[1018007, 918598, 6034569, 1008324, 12648296]"
116,"[1104343, 1019637, 1106523, 1029743, 863447]"
117,"[852235, 852360, 928589, 838347, 929410]"
118,"[891415, 884073, 1091793, 1083043, 13381584]"
119,"[5565664, 5581464, 1092750, 6423729, 1103752]"
121,"[989069, 1065979, 9835747, 1073086, 12130522]"
122,"[1086119, 1118264, 1067449, 858999, 940731]"
123,"[1056509, 1081944, 13672066, 1051691, 1038985]"
124,"[1037840, 947798, 957063, 1136524, 1106523]"
125,"[1121694, 12386181, 916990, 13008412, 1123434]"
126,"[1025611, 1075470, 7166861, 1136524, 863762]"
127,"[926033, 6552995, 872508, 8013544, 5564821]"
128,"[12263857, 9420337, 850028, 1098248, 1026118]"
131,"[6979545, 12263364, 1044500, 1122732, 8069336]"
132,"[927325, 999198, 825365, 7168456, 1038174]"
133,"[12263857, 15452599, 1024319, 9928420, 1115098]"
134,"[997479, 12301334, 846474, 13115809, 964573]"
135,"[852360, 918150, 13654702, 6979545, 898121]"
136,"[865511, 997011, 949965, 1030122, 9553382]"
138,"[15717115, 7167864, 970158, 1006906, 973654]"
139,"[9673830, 1005898, 1111493, 9673266, 968695]"
140,"[1051626, 906646, 862582, 1013826, 859075]"
142,"[1082212, 997011, 1129031, 1013826, 944588]"
143,"[12731714, 1043920, 870428, 6513810, 882190]"
146,"[1101175, 834117, 1029743, 1106523, 948832]"
151,"[1121694, 963365, 5981072, 1101706, 867138]"
153,"[1006063, 897954, 948891, 981103, 934639]"
156,"[934369, 918598, 911311, 894570, 6979128]"
157,"[938858, 844462, 9832070, 847207, 6039687]"
158,"[1100818, 12731714, 1128240, 997423, 1100869]"
159,"[14077333, 6396563, 871188, 8249371, 940731]"
160,"[833598, 1011089, 962229, 1079878, 1034886]"
161,"[957063, 13382308, 13115667, 935527, 1093165]"
162,"[13094723, 964521, 1060388, 1091449, 1122358]"
164,"[970605, 6391289, 839605, 971486, 13008184]"
166,"[880888, 1075368, 1079541, 944486, 1139606]"
167,"[6391163, 9297151, 1072693, 15596834, 999391]"
169,"[1029743, 1106523, 986912, 880150, 1016800]"
171,"[1004906, 1044078, 1029743, 913210, 983584]"
172,"[829722, 891632, 1118046, 1048746, 12301839]"
178,"[1137346, 1056005, 963686, 13841744, 827656]"
183,"[961979, 819840, 6463727, 1068078, 923751]"
184,"[896085, 898063, 1112665, 6534229, 1108776]"
185,"[1050741, 7168058, 8119152, 887325, 922092]"
187,"[983584, 7410335, 1029743, 880150, 1106523]"
188,"[5564713, 1096066, 1115971, 917384, 1118235]"
190,"[1131321, 950638, 975329, 937791, 1021116]"
191,"[854852, 865456, 1029743, 1126899, 1106523]"
192,"[1082212, 8091414, 9835509, 884756, 7409790]"
193,"[1125199, 1104205, 1137573, 1015597, 960613]"
194,"[6391381, 912004, 9836434, 8019649, 1007414]"
195,"[1131382, 7167836, 999794, 1074449, 13008334]"
196,"[7433029, 5567502, 6904467, 9707340, 927508]"
197,"[845622, 963835, 856252, 16729415, 838186]"
198,"[9677874, 1118946, 979022, 908408, 937110]"
199,"[1082212, 1135195, 13842100, 1098694, 9553382]"
200,"[1030122, 839248, 823990, 5568378, 13381483]"
201,"[972665, 5569327, 1138292, 5567502, 1103476]"
202,"[962229, 950638, 5981267, 887503, 1072523]"
203,"[901776, 1082990, 9676866, 907625, 1016709]"
204,"[923670, 970160, 926033, 938118, 1097635]"
205,"[1082185, 1026118, 923751, 876570, 1115577]"
208,"[1055425, 896292, 879504, 15926712, 845379]"
209,"[877539, 1051071, 1080472, 1130720, 912817]"
210,"[910473, 1109805, 1067847, 888054, 1039627]"
211,"[962229, 1006878, 907099, 945662, 847962]"
212,"[8090560, 888054, 951651, 6533362, 1072917]"
214,"[849100, 6979526, 916487, 1133101, 13213453]"
215,"[6391089, 879699, 1016298, 8119101, 843418]"
216,"[1051901, 1090676, 927277, 974204, 908217]"
217,"[895930, 1053403, 992897, 7441668, 900586]"
218,"[878715, 1097001, 965772, 894439, 1036930]"
219,"[6533681, 839485, 15972565, 1010578, 1111722]"
220,"[899682, 890610, 10204440, 7441668, 1129205]"
221,"[6424460, 6424464, 1130452, 888004, 897056]"
222,"[856335, 879699, 13213480, 999779, 952568]"
224,"[1078478, 1063577, 1056267, 850925, 13158064]"
225,"[1043663, 839152, 910151, 1121656, 1108994]"
226,"[957232, 947798, 970605, 832678, 1102416]"
227,"[871722, 840732, 1094562, 1011427, 864658]"
228,"[1139782, 874753, 13115637, 13115375, 6979174]"
230,"[15716671, 1103657, 1022340, 6534881, 881706]"
232,"[1075277, 1041531, 1049922, 964968, 1046191]"
233,"[1122568, 1029743, 1106523, 986912, 880150]"
235,"[5565202, 1123434, 885710, 1121384, 820011]"
236,"[5565840, 849505, 7160185, 999090, 1026945]"
239,"[946793, 878772, 850925, 15596607, 988136]"
241,"[1029743, 1106523, 863447, 986912, 1055504]"
242,"[1138487, 908504, 939681, 865156, 1135573]"
243,"[7143963, 1071446, 1046357, 1135044, 855202]"
244,"[9928420, 9267549, 6533681, 1048299, 982475]"
245,"[1132771, 1029743, 1106523, 12731517, 844179]"
246,"[1065061, 908217, 5582712, 941368, 1097761]"
247,"[9419487, 905636, 1076056, 835973, 8290421]"
248,"[8119101, 1129205, 12263842, 867272, 1093113]"
249,"[15926927, 6919087, 949142, 820291, 907625]"
250,"[923169, 910473, 1056509, 981109, 1110244]"
251,"[864857, 842068, 1088910, 881119, 872508]"
253,"[1127328, 13910974, 992650, 1037089, 822161]"
254,"[862535, 1106523, 1029743, 844179, 865511]"
256,"[12987976, 1002178, 13910860, 12810337, 1102829]"
257,"[1093413, 6396492, 10204440, 1038663, 1039627]"
258,"[1011427, 824796, 1044500, 928589, 9526572]"
259,"[1087605, 1071446, 1071594, 1126294, 822259]"
260,"[1044078, 1070820, 1029743, 865456, 5568378]"
262,"[1124971, 1008814, 8015407, 822848, 13987221]"
263,"[831063, 843111, 937928, 13210025, 8019902]"
264,"[906646, 958663, 13190349, 1018780, 7167860]"
265,"[1086061, 942151, 6979579, 981660, 10285005]"
266,"[1104349, 981109, 13133916, 972191, 850656]"
267,"[929373, 901976, 854852, 1075368, 1106523]"
268,"[1051283, 834952, 1062283, 13189944, 846482]"
269,"[1139782, 830608, 12731467, 932694, 1131438]"
270,"[1133312, 1106523, 1029743, 999270, 844179]"
271,"[1050741, 1106523, 827578, 1029743, 1126899]"
273,"[12171414, 13671419, 856818, 951651, 1076571]"
274,"[1106523, 1037840, 1029743, 1122358, 12731714]"
275,"[924004, 820582, 918638, 819927, 828588]"
276,"[12810391, 13115894, 13512542, 825317, 1030122]"
278,"[881119, 866548, 1133312, 948833, 895680]"
280,"[12731517, 13002981, 12731544, 1097849, 978376]"
281,"[854852, 1099905, 999104, 1137573, 844991]"
282,"[5571261, 6464074, 7166845, 13008079, 998557]"
283,"[984680, 15971546, 12487154, 838867, 7409644]"
285,"[10344586, 1013389, 1064574, 5575454, 963542]"
286,"[1120361, 1115069, 9553154, 5571541, 8015407]"
287,"[1051626, 10204543, 9297310, 825621, 10204440]"
288,"[841309, 1005456, 987410, 1095944, 7410346]"
289,"[999794, 1042765, 923528, 1111632, 7129172]"
290,"[962229, 12731621, 947798, 857605, 919489]"
291,"[911311, 1075283, 1118033, 937791, 9297055]"
292,"[892838, 10204440, 1135468, 823530, 5565202]"
294,"[9245108, 843418, 1088683, 990656, 832661]"
297,"[10285373, 1043920, 9297223, 837644, 1036159]"
300,"[12301839, 835618, 891516, 1121656, 1091793]"
301,"[15596764, 12757280, 847149, 5565322, 9837153]"
302,"[10344586, 8019902, 892502, 1027168, 1021416]"
303,"[895930, 1016274, 922753, 1094280, 7144131]"
304,"[970605, 6979753, 1056267, 873627, 13213271]"
305,"[6463727, 941532, 1070898, 1133850, 12263364]"
306,"[838940, 1069003, 8020243, 899459, 6534480]"
307,"[1065259, 961979, 1019637, 1074040, 1135468]"
308,"[6904613, 961620, 1043787, 963835, 887102]"
311,"[10456613, 944137, 9925966, 1110111, 994685]"
312,"[961620, 825135, 5567428, 6979393, 12524960]"
314,"[12263463, 820486, 1130858, 6423751, 882308]"
316,"[1133312, 1025611, 5568378, 825365, 999779]"
317,"[951590, 842783, 1081579, 1043787, 13842100]"
318,"[7025203, 5569230, 962229, 875089, 1081919]"
321,"[846045, 1026670, 5567702, 976114, 13213623]"
322,"[6391384, 861021, 1129205, 6533394, 1091901]"
324,"[1010681, 888178, 13007846, 9677466, 1087081]"
325,"[965679, 939770, 848684, 12263276, 824605]"
326,"[8090521, 5569230, 1075368, 850102, 1029743]"
328,"[7168456, 972191, 13115880, 7442007, 9296836]"
329,"[819927, 934369, 1061614, 831125, 10285335]"
330,"[13841744, 5565322, 948832, 1023196, 862582]"
331,"[5569135, 5565322, 999794, 1044188, 934369]"
332,"[7160185, 1056267, 5575597, 13877096, 15926927]"
334,"[1094562, 9526572, 827079, 1024319, 6464074]"
338,"[819840, 1026118, 900802, 939546, 6979393]"
339,"[5592931, 12731432, 1096066, 895166, 824122]"
342,"[912147, 1116020, 923314, 980666, 905537]"
343,"[1092588, 1036930, 1108994, 1042765, 982360]"
345,"[6602697, 10285373, 995628, 9833335, 858863]"
346,"[9245108, 1101010, 835098, 1037863, 1043338]"
348,"[1025611, 853124, 5981074, 978129, 1127758]"
349,"[844179, 1106523, 960791, 1044078, 1029743]"
350,"[885697, 981109, 848878, 1078763, 1075007]"
351,"[5588112, 894439, 1091383, 8249459, 1077133]"
353,"[13008321, 9677486, 13907063, 1065979, 1074738]"
354,"[6944882, 1008814, 6704162, 1071733, 8020205]"
356,"[1049735, 6904858, 1056402, 947798, 1089021]"
357,"[909800, 993592, 863436, 7169261, 891516]"
358,"[981677, 9297151, 879008, 949294, 5568489]"
360,"[5568378, 5981267, 1044078, 1126899, 1106523]"
361,"[859075, 1101010, 927325, 1056509, 6534881]"
362,"[1081533, 1126045, 1079516, 1128395, 7409663]"
365,"[1136719, 1028238, 5566309, 1062128, 943169]"
366,"[12810422, 944534, 1128240, 1029743, 1137346]"
367,"[1031864, 10149656, 1047769, 951094, 943223]"
369,"[13008321, 1038745, 12781777, 5567502, 919681]"
371,"[919423, 6533608, 975329, 1016709, 941368]"
374,"[1079023, 6979393, 1075786, 12524016, 1108094]"
375,"[1029743, 8090532, 8090537, 1106523, 850102]"
376,"[1133312, 993638, 843911, 1043494, 845462]"
377,"[994223, 9338009, 1022859, 1094924, 1042702]"
378,"[13213475, 916990, 848783, 904833, 899682]"
380,"[1098284, 1135834, 965766, 964968, 1069863]"
381,"[962185, 1019707, 1021248, 853927, 878222]"
382,"[999250, 1029743, 9527159, 1106523, 844179]"
383,"[1057749, 1092588, 8090513, 936118, 8090546]"
384,"[1068957, 999090, 1061394, 906631, 6391068]"
385,"[1124971, 1031419, 1087102, 5591520, 903325]"
386,"[1139023, 954997, 899201, 1089066, 1016276]"
387,"[9925966, 1063373, 1009719, 8090536, 1046756]"
388,"[1029743, 820612, 849274, 1106523, 871061]"
389,"[10344585, 13115981, 891632, 1096563, 1068078]"
390,"[1072693, 1058243, 888543, 1064542, 838940]"
392,"[15972790, 1048299, 836645, 1102829, 6034577]"
393,"[926033, 963686, 8015407, 9297310, 1078741]"
394,"[13008412, 825118, 1053988, 6391381, 848107]"
395,"[926233, 988202, 1098844, 906844, 821200]"
396,"[879031, 1131384, 866548, 819927, 15926844]"
397,"[1043787, 914577, 6904613, 892573, 9297319]"
398,"[871513, 5981072, 949294, 1129049, 1102003]"
400,"[5566235, 1081944, 5567702, 1110692, 8019765]"
401,"[6396492, 942166, 1025326, 15926844, 5570109]"
402,"[853448, 13382073, 892573, 1090587, 993085]"
404,"[1092588, 926164, 6961661, 9392953, 966778]"
405,"[948670, 1122707, 1130397, 1008736, 1020962]"
406,"[820923, 937791, 925350, 834303, 1133210]"
407,"[1137346, 1037840, 1097001, 870614, 1106523]"
409,"[8090513, 836286, 954347, 852572, 954416]"
410,"[1096066, 6919087, 1103629, 862335, 1096509]"
411,"[9677874, 909800, 1137507, 9831557, 8091414]"
412,"[12428436, 1038745, 1076199, 5570406, 832661]"
413,"[970160, 1098844, 986912, 5568606, 1048257]"
414,"[1014999, 872066, 1082212, 914577, 1117690]"
415,"[864893, 1029743, 1106523, 1004906, 986912]"
417,"[1124077, 866828, 1008675, 955716, 16053142]"
418,"[928263, 979439, 852360, 916487, 995198]"
421,"[9803483, 1031864, 828588, 940806, 1038443]"
425,"[985889, 1039627, 994894, 9834742, 1067779]"
426,"[14106445, 899682, 1011926, 924967, 7442056]"
427,"[1082185, 1029743, 948670, 1054539, 1102416]"
429,"[948670, 1029743, 12946027, 1056509, 1026118]"
430,"[1089705, 1006483, 6534330, 847186, 13987010]"
432,"[1115069, 6979579, 9835619, 1030093, 1052294]"
433,"[1082185, 849003, 5565202, 920109, 969866]"
434,"[1046587, 934639, 971962, 837751, 1027068]"
435,"[8090537, 1029743, 8090536, 1132771, 1106523]"
437,"[1044500, 6533878, 9803684, 1052294, 874753]"
438,"[951590, 951197, 9881593, 873902, 962991]"
441,"[6533681, 1124971, 1001412, 1038985, 1019247]"
442,"[5588365, 15926844, 1011427, 962615, 867827]"
443,"[7160185, 13213480, 9396705, 873056, 1019247]"
447,"[1072298, 1091158, 987571, 834962, 1131506]"
449,"[823990, 1029743, 5569230, 965766, 8090536]"
450,"[9828865, 1024051, 863762, 8015407, 826385]"
451,"[972320, 999189, 890788, 934639, 1028724]"
454,"[6463752, 5567864, 1129610, 1079023, 851287]"
457,"[1029743, 1065259, 957063, 1018007, 1106523]"
458,"[828588, 859987, 999563, 999794, 939770]"
459,"[885290, 863762, 999270, 1029743, 1065061]"
460,"[963835, 1098844, 885939, 1029743, 1092937]"
461,"[1004906, 918684, 897954, 1050851, 1029743]"
462,"[850004, 1051505, 7160185, 9676851, 955921]"
463,"[1036093, 15452705, 1055504, 12330376, 891516]"
464,"[6039994, 1103562, 901806, 1012584, 12810400]"
466,"[1025611, 1044078, 1029743, 989069, 1072523]"
467,"[900802, 964385, 895268, 885928, 932347]"
468,"[1098284, 883202, 5588365, 9676866, 1131506]"
469,"[847149, 834303, 1110743, 16100266, 972437]"
470,"[908314, 1119784, 986596, 871633, 970760]"
474,"[1133312, 823990, 1068719, 940731, 9835903]"
478,"[8203851, 844179, 1029743, 1106523, 5569230]"
479,"[1037840, 874753, 928589, 7433029, 856335]"
480,"[1047769, 1001827, 1095342, 842630, 924198]"
483,"[9575330, 7409698, 10204440, 1086483, 1052729]"
484,"[10198402, 1111129, 877770, 10121838, 1006483]"
485,"[972665, 981103, 7166861, 7168431, 1067779]"
487,"[844179, 1029743, 899624, 880150, 1106523]"
489,"[9245040, 893042, 9928420, 1019247, 914012]"
491,"[6533936, 1039927, 838940, 852690, 1114218]"
493,"[819927, 1131384, 939907, 961620, 936355]"
495,"[899201, 12810391, 906443, 951164, 882190]"
497,"[9527159, 9881592, 978343, 8293447, 1098844]"
502,"[5564713, 956486, 937413, 1137573, 991546]"
503,"[1072693, 971983, 1134398, 947875, 835296]"
505,"[962991, 7166861, 1029743, 1106523, 6395907]"
506,"[995876, 999625, 1022340, 1018818, 977658]"
507,"[1044259, 1071446, 1136341, 1039927, 1127716]"
508,"[1104649, 879504, 920191, 1108296, 1109615]"
510,"[1078666, 1129031, 9837807, 881436, 5570109]"
511,"[1116635, 7433029, 1006664, 6904467, 819590]"
513,"[1093413, 1078478, 1117690, 865026, 843911]"
514,"[923169, 852235, 950133, 871208, 1126786]"
515,"[9297223, 14106445, 828588, 6979753, 1046789]"
516,"[844179, 5568489, 986912, 1106523, 1068719]"
517,"[1006906, 1014054, 1048833, 1101437, 968759]"
518,"[1090676, 952408, 6391557, 823194, 1031087]"
520,"[7082640, 1104343, 855031, 842350, 1004390]"
521,"[1056212, 819840, 9884484, 923751, 9835509]"
523,"[898121, 15926927, 6704319, 897088, 5569792]"
524,"[1082185, 9419487, 5569792, 5570735, 13910974]"
525,"[1117690, 15596764, 1026258, 12731755, 829852]"
526,"[931688, 1091090, 1131634, 1060292, 1099905]"
527,"[1131321, 1123384, 12987976, 890407, 1011926]"
531,"[1054539, 1015067, 833940, 13115914, 1072917]"
533,"[12517411, 999779, 1101173, 1070898, 936118]"
534,"[1124695, 926033, 1029743, 972665, 986912]"
537,"[1116635, 824072, 890788, 5565425, 1061402]"
538,"[15972790, 836286, 856435, 1109948, 999076]"
539,"[878715, 8014645, 1006184, 916122, 1126899]"
540,"[9677791, 9676947, 12525244, 1000237, 6391381]"
542,"[824796, 830125, 835619, 856687, 1075282]"
543,"[12754036, 820486, 1134296, 5565664, 879734]"
544,"[899473, 995895, 1007571, 847529, 857074]"
545,"[822848, 949742, 1062283, 1093748, 1125943]"
547,"[924004, 1089066, 839248, 903019, 8357825]"
548,"[1098435, 885406, 970028, 998549, 911311]"
552,"[1069039, 863885, 1088683, 15926844, 15926775]"
553,"[1009361, 1057365, 849202, 916463, 1017254]"
554,"[1069103, 917532, 867785, 960791, 1034886]"
557,"[819330, 1029743, 857503, 897954, 947875]"
558,"[891061, 1139066, 983096, 1056005, 1134296]"
560,"[5592232, 978343, 1104414, 831181, 5565453]"
562,"[1115069, 957951, 842783, 882489, 838940]"
563,"[8090545, 951094, 863436, 1016274, 8019273]"
564,"[857550, 985889, 906335, 8015407, 7441668]"
567,"[862582, 10456164, 996891, 824502, 1089766]"
568,"[1038663, 922636, 15717057, 1104649, 1083787]"
569,"[981677, 6391080, 12428017, 12263857, 1101744]"
574,"[13008079, 891505, 1024032, 978906, 1059922]"
575,"[1049735, 9803433, 912004, 1116733, 897270]"
576,"[5996212, 956400, 931579, 1029272, 13073225]"
577,"[868548, 5564876, 1110244, 885697, 889989]"
578,"[13213475, 839357, 942166, 822161, 8249459]"
579,"[1029743, 5569230, 948670, 1106523, 844179]"
580,"[1056509, 12731544, 966348, 1118946, 940947]"
581,"[12525270, 890788, 8019560, 1088345, 9553307]"
582,"[1021324, 981109, 5576075, 1101744, 972437]"
583,"[9705813, 1038443, 1034868, 15926887, 9419888]"
586,"[906335, 9676997, 980666, 937928, 5565664]"
587,"[1029743, 5569230, 1106523, 844179, 899624]"
588,"[12517411, 896611, 1032967, 14025268, 10149647]"
590,"[1075175, 1139216, 1137505, 1000736, 1124520]"
591,"[935993, 1065017, 868131, 933067, 14077333]"
593,"[984575, 853998, 1106523, 1104027, 846760]"
594,"[957232, 872062, 1049922, 923314, 873964]"
595,"[873847, 6513719, 1022152, 7169261, 850028]"
596,"[1084036, 825135, 12731621, 1025581, 8090537]"
598,"[1050741, 9553382, 12731544, 5580801, 1105917]"
600,"[13842100, 16729415, 942525, 1110483, 13158064]"
602,"[833940, 882308, 999613, 944139, 1094723]"
603,"[1069003, 891415, 6464147, 1047301, 930283]"
604,"[914577, 6979545, 1007279, 7441668, 9834742]"
605,"[13133916, 15926507, 965772, 13213470, 5568956]"
606,"[15452904, 848107, 1036930, 15452457, 12781777]"
608,"[6979753, 13842089, 1138487, 863762, 941856]"
609,"[903529, 900311, 1078666, 819927, 1036939]"
611,"[1064213, 8090546, 13382200, 908408, 9835619]"
612,"[871061, 12132648, 1082454, 1078763, 1122568]"
614,"[927508, 952408, 1054539, 1059347, 7467039]"
615,"[1029743, 1133312, 12731544, 1106523, 844179]"
617,"[849003, 834662, 8019273, 922092, 852572]"
618,"[1037840, 1115971, 9487253, 990869, 856818]"
621,"[869728, 7024871, 1112825, 7024927, 943362]"
622,"[895680, 14077333, 927030, 981109, 915715]"
623,"[934427, 1101010, 873964, 1038985, 822115]"
624,"[898363, 1023546, 977288, 1049922, 863885]"
630,"[12731432, 1106271, 887661, 6464147, 1074738]"
631,"[841309, 937413, 938319, 839485, 6464147]"
632,"[13416891, 838571, 1025326, 834962, 7410370]"
633,"[1120179, 999625, 961730, 833940, 5590965]"
636,"[5981074, 5592610, 13115914, 5590613, 5592094]"
637,"[926905, 883186, 977559, 7147145, 867785]"
638,"[919534, 1059347, 910525, 887503, 1070639]"
641,"[9245040, 1104349, 6773188, 889886, 1131830]"
643,"[1125943, 5568642, 1109136, 6463729, 868386]"
644,"[874753, 1019637, 1096066, 1097846, 895680]"
647,"[8090536, 906026, 936110, 969039, 1083370]"
648,"[972342, 998964, 1037332, 1125497, 883606]"
650,"[1122358, 1037840, 1106523, 1132771, 1029743]"
652,"[832678, 1065061, 820486, 1013868, 1102416]"
653,"[1037840, 831181, 1122732, 930486, 1064752]"
654,"[864893, 9836752, 937413, 1086061, 9707498]"
655,"[6979753, 1125123, 936118, 1040701, 858514]"
658,"[845675, 862725, 1056212, 1075283, 895930]"
659,"[1075283, 839208, 1115387, 1125123, 9676851]"
660,"[1019078, 13907063, 843239, 886996, 13911462]"
661,"[997415, 1055403, 1001827, 1004596, 13158064]"
662,"[1070272, 1137010, 1137346, 1115971, 922636]"
663,"[1005173, 1134143, 8249551, 13842089, 6904858]"
665,"[847529, 875089, 1025611, 1059153, 850102]"
666,"[957232, 972235, 9677874, 905537, 1001827]"
667,"[12946027, 1022254, 852360, 1104343, 1072523]"
668,"[1050741, 8090536, 1022254, 985889, 918345]"
669,"[880427, 913026, 1010185, 13095350, 1015067]"
670,"[12263857, 899115, 914577, 1006342, 6773190]"
671,"[828393, 847434, 949151, 843259, 977559]"
672,"[1029477, 8090546, 891516, 9832070, 1135195]"
673,"[1080784, 1082185, 1025611, 1106523, 1029743]"
674,"[956486, 1053985, 936914, 1020210, 911614]"
675,"[1121384, 910673, 12132315, 1075032, 1139142]"
676,"[1095227, 862335, 947798, 10204543, 1013928]"
680,"[993838, 888178, 881436, 832442, 13653499]"
681,"[872066, 12781924, 856252, 967461, 8019916]"
684,"[960528, 996891, 839357, 1095342, 7409944]"
685,"[1015539, 1097398, 1075283, 951674, 847573]"
687,"[951590, 8090545, 872679, 1138487, 7168026]"
690,"[1006664, 1088771, 1035698, 1084036, 922561]"
691,"[1015067, 13008326, 8293805, 5995985, 912914]"
692,"[1092669, 9526100, 1065380, 972416, 995311]"
693,"[1104349, 1044188, 873499, 1130375, 1081944]"
694,"[1037840, 1043730, 879504, 980246, 1006483]"
695,"[13039088, 888054, 5565356, 8249063, 835499]"
696,"[928263, 1062117, 1047301, 859259, 863885]"
697,"[9925966, 13911257, 1106271, 15452904, 5995078]"
698,"[978077, 13213552, 5568568, 1064213, 899682]"
699,"[941883, 1026945, 1095374, 1137573, 1078763]"
700,"[1021116, 922636, 1101010, 873964, 935317]"
701,"[913026, 1088429, 13115813, 1007269, 5581464]"
702,"[9835960, 865456, 941368, 9836195, 9527159]"
703,"[9884484, 901776, 1059347, 946995, 916575]"
705,"[1115069, 13654702, 993379, 13910974, 5567502]"
706,"[8091225, 8091554, 1125199, 6443283, 7168129]"
707,"[13213475, 1037965, 1110111, 851903, 842930]"
708,"[980448, 7168774, 9297223, 940806, 7168129]"
709,"[1080677, 889692, 1030122, 992622, 7409845]"
710,"[922636, 846482, 1016715, 890788, 940278]"
711,"[1026118, 864893, 844179, 1029743, 1037840]"
712,"[921504, 963365, 1086061, 1027474, 1018822]"
713,"[1075368, 5569230, 8090521, 885290, 880427]"
714,"[8090545, 12781777, 8090546, 1094308, 10285373]"
715,"[6396492, 845975, 865026, 833598, 5591520]"
716,"[9834837, 964521, 1121393, 1116020, 867272]"
717,"[910473, 878715, 1029743, 1106523, 982790]"
718,"[1089021, 859075, 856818, 843239, 1103808]"
719,"[895930, 1040807, 933835, 826090, 1026946]"
720,"[1115069, 1055504, 1056212, 895268, 909744]"
721,"[1126899, 910473, 1029743, 991205, 999563]"
722,"[925854, 9297615, 9677624, 830526, 885356]"
723,"[1071343, 916487, 1022340, 827079, 834962]"
725,"[1011429, 955354, 957063, 900802, 999563]"
726,"[945499, 1040701, 1061402, 12757280, 9832070]"
727,"[1019078, 950894, 840764, 1076226, 892500]"
728,"[1080677, 896611, 9828865, 1069039, 950638]"
729,"[1106523, 1029743, 1037840, 880150, 986912]"
730,"[8293447, 1101744, 954347, 1126899, 1019247]"
731,"[830790, 9837565, 996891, 12384539, 9802752]"
733,"[5566472, 1036939, 839818, 7443137, 1102250]"
734,"[970160, 6391381, 959737, 1100533, 1005274]"
735,"[1072523, 1106523, 13841744, 890610, 1043663]"
736,"[955921, 1075353, 889863, 1008602, 966778]"
740,"[9655212, 1024198, 5565453, 12777679, 1139638]"
741,"[13654702, 1006264, 13213604, 8203686, 7409895]"
742,"[992622, 1114653, 995771, 1089066, 1012315]"
743,"[5588365, 1061402, 1138487, 1059902, 857130]"
744,"[13115981, 15926775, 13213296, 998964, 9832070]"
745,"[1046219, 838769, 854754, 1109014, 8069350]"
747,"[987311, 1115971, 1021715, 15737492, 1026670]"
748,"[1122732, 10204543, 1138292, 1091158, 6919087]"
750,"[919534, 866211, 844179, 1029743, 1044078]"
752,"[918098, 9297151, 7147783, 861256, 8067128]"
753,"[10285005, 1076954, 1110039, 980246, 1029477]"
754,"[841584, 869676, 969403, 942299, 1036347]"
755,"[13115809, 1049735, 10306692, 9928420, 13008326]"
757,"[13672066, 1071594, 12517411, 13910974, 1058243]"
759,"[1102929, 824661, 1043084, 832968, 1864101]"
761,"[9297574, 1103691, 858999, 9832070, 9834742]"
762,"[938319, 10455984, 952184, 12384805, 12386181]"
764,"[9828865, 9912156, 1129949, 1100533, 7409618]"
766,"[964385, 916990, 1014054, 6979437, 901062]"
767,"[1042571, 1104349, 964521, 971922, 1072523]"
768,"[834117, 922636, 962588, 9526572, 9526628]"
769,"[982449, 909800, 9419525, 8019649, 12757007]"
770,"[928589, 995771, 1085138, 837495, 1092937]"
771,"[12777679, 1122255, 9419525, 889863, 1048833]"
773,"[835973, 1092588, 5568729, 5570004, 9487606]"
776,"[1043971, 965889, 1100533, 1088414, 895295]"
777,"[6533608, 862725, 13911257, 1052833, 978851]"
779,"[822259, 1032967, 9575330, 925350, 963365]"
781,"[12946027, 13672062, 871061, 5578437, 6514011]"
784,"[1139782, 6391134, 1008814, 938596, 1038684]"
786,"[972665, 878715, 989069, 907647, 1105450]"
787,"[1079528, 857538, 999104, 971646, 1082212]"
788,"[1108131, 1108168, 1112754, 985893, 873964]"
789,"[1091383, 1106523, 1029743, 922561, 1024306]"
790,"[9297310, 7410320, 7409944, 12385339, 5570406]"
793,"[8090545, 1045478, 8090565, 10341855, 1070898]"
794,"[950638, 994223, 865026, 945611, 867420]"
796,"[969866, 1106523, 1029743, 1055504, 916990]"
798,"[896292, 9655679, 5568758, 7160185, 1027474]"
799,"[1085357, 5565447, 8091225, 15452904, 7169089]"
800,"[9677236, 9676997, 1031419, 939891, 10121838]"
801,"[12731517, 1103691, 1006264, 862335, 7169088]"
802,"[1118946, 914245, 1056005, 897088, 1116770]"
803,"[12384539, 13776309, 1104649, 969725, 1087753]"
804,"[957063, 1122568, 849870, 930385, 5587656]"
805,"[1049922, 870547, 1068292, 949023, 899624]"
806,"[5572308, 8019560, 7024871, 915715, 958027]"
807,"[13213239, 858999, 15926507, 838186, 8090653]"
808,"[992151, 1008814, 1016800, 7166672, 997700]"
810,"[962615, 993638, 854852, 961979, 1029743]"
811,"[921504, 1056509, 850102, 1062002, 827656]"
813,"[6533608, 973979, 965292, 992529, 906631]"
814,"[907631, 5569327, 999104, 952408, 12301109]"
816,"[13213475, 1054539, 6979578, 901460, 898363]"
817,"[9655078, 856345, 1086061, 1060408, 1092588]"
818,"[6919087, 9297191, 8013544, 7168431, 7160185]"
820,"[865718, 899201, 864214, 7025260, 7442007]"
823,"[947798, 1118946, 1108168, 1029477, 873964]"
824,"[1038745, 1086061, 1106523, 1016800, 844179]"
825,"[1075277, 915493, 13094723, 1031253, 864752]"
826,"[961620, 986869, 12384431, 901062, 1029743]"
829,"[1075283, 960791, 845208, 1132771, 1018740]"
830,"[13841744, 851147, 899682, 12781777, 1043971]"
831,"[957736, 1052975, 951164, 1069003, 1139216]"
836,"[990869, 851287, 916993, 9884698, 13381584]"
837,"[1112825, 854852, 1138467, 852360, 1106523]"
840,"[1060408, 927238, 975329, 1090884, 9487885]"
841,"[1065259, 1135468, 1030093, 1037863, 882489]"
842,"[1089021, 849505, 12349850, 9245108, 12810418]"
844,"[923670, 1123146, 897274, 998912, 934087]"
845,"[1009361, 1071594, 965679, 973086, 883598]"
846,"[829291, 1135971, 13382200, 824931, 1082454]"
847,"[1005274, 1121694, 1001827, 1008074, 1016276]"
848,"[9365106, 980666, 10344586, 1016709, 9416729]"
850,"[957232, 1128244, 862725, 956486, 8203851]"
852,"[900802, 9245040, 12171765, 6979174, 1055737]"
853,"[9859017, 6396174, 6904485, 7467076, 871722]"
854,"[12946027, 1029743, 844179, 823990, 5569327]"
855,"[916993, 8159536, 934369, 963868, 1073028]"
856,"[10341855, 15926887, 9419487, 15452647, 1011974]"
857,"[9803545, 868548, 5567502, 922561, 831063]"
858,"[1029743, 910473, 1106523, 1128016, 849202]"
859,"[6395907, 1134058, 1075368, 1132231, 946845]"
862,"[1103629, 891463, 5586797, 5570408, 1004390]"
863,"[5569135, 992529, 1071594, 930955, 868645]"
864,"[895930, 1102928, 1137346, 979439, 839438]"
865,"[6443332, 1008074, 9928420, 965679, 1135044]"
866,"[875647, 835243, 1087832, 1112754, 10204440]"
867,"[943223, 825365, 937928, 9245315, 983584]"
868,"[9884484, 930955, 7410347, 924967, 1121603]"
869,"[834962, 5592931, 895680, 983000, 996444]"
871,"[9885520, 1085141, 10182664, 897083, 932741]"
875,"[1090587, 995895, 856335, 947875, 1000148]"
876,"[843418, 828393, 1123106, 1056620, 1008154]"
877,"[899565, 5995228, 989683, 10457588, 859427]"
878,"[947798, 1108131, 1131344, 912902, 985893]"
879,"[861706, 868066, 862682, 890511, 13842100]"
880,"[986912, 1029743, 1106523, 910673, 951164]"
882,"[957063, 945611, 1065871, 1137100, 937357]"
883,"[1057749, 1005274, 950638, 1110111, 874149]"
885,"[891632, 839438, 901067, 1025581, 832513]"
886,"[922636, 863762, 849274, 1097846, 9803199]"
887,"[957232, 950894, 884945, 1017369, 862335]"
888,"[918598, 859075, 979877, 928263, 5566472]"
889,"[9881592, 5565322, 13213271, 867272, 1022340]"
891,"[953653, 13654702, 1093571, 936914, 949151]"
893,"[923314, 937791, 8292958, 843111, 15972565]"
894,"[825541, 1137100, 942166, 1129609, 1137688]"
895,"[1121656, 5995603, 9881592, 868888, 908283]"
897,"[1079528, 928263, 1082955, 1092937, 1102829]"
898,"[972665, 892314, 848319, 1011926, 1097418]"
900,"[981677, 13671520, 830608, 948200, 10149640]"
904,"[836445, 964385, 1018007, 844462, 9297223]"
906,"[1137507, 964385, 860703, 826239, 1048237]"
907,"[961979, 1029477, 1092588, 986912, 864279]"
908,"[1078666, 6704088, 962967, 1125497, 975508]"
909,"[852690, 1041512, 890610, 1003806, 10249297]"
911,"[1128161, 5563693, 8292884, 923141, 1011926]"
913,"[994223, 1121656, 1091383, 13417761, 1134810]"
914,"[1114883, 1071343, 898121, 981660, 1035207]"
915,"[880150, 1128163, 1116635, 1068719, 957232]"
916,"[824193, 847720, 901557, 831125, 943223]"
919,"[1120179, 992622, 9297310, 893362, 9419470]"
920,"[1058709, 1097001, 1118264, 7082640, 979792]"
922,"[1075353, 1132198, 850768, 953243, 12453246]"
924,"[8205252, 892500, 1013597, 1137387, 832513]"
926,"[1027474, 1138443, 1101445, 936914, 1134633]"
927,"[10455984, 1098815, 990897, 846045, 1109832]"
928,"[868645, 15452599, 829852, 1092303, 824605]"
929,"[845193, 871188, 938319, 12385477, 1134810]"
930,"[1050741, 850102, 883932, 1029743, 1106523]"
931,"[6979753, 1043726, 12524439, 1115711, 1097846]"
934,"[896292, 840227, 13871141, 1101175, 999794]"
936,"[9677236, 853037, 963683, 935578, 950202]"
937,"[1021116, 1134810, 13189861, 920463, 931579]"
939,"[13841744, 839438, 832968, 960528, 1004457]"
940,"[10456164, 12781924, 1122180, 1019637, 821565]"
941,"[6464166, 1016709, 927382, 9420159, 12352054]"
942,"[1015539, 985638, 917786, 13911257, 1014388]"
943,"[5592931, 1035207, 940090, 10198378, 13115637]"
944,"[1071336, 831181, 903609, 1043338, 13382200]"
946,"[9828865, 1093413, 1056212, 1084036, 7410168]"
947,"[1075283, 12731714, 1038745, 1134296, 955914]"
949,"[1003600, 1074868, 1035691, 860167, 1047076]"
951,"[1029743, 1106523, 950638, 844179, 896292]"
952,"[856215, 12456867, 1068078, 1045363, 1038443]"
953,"[13213552, 851528, 9419525, 852145, 877310]"
954,"[1037840, 1029743, 1106523, 1044078, 1122358]"
955,"[995876, 1103629, 16729415, 13513326, 941856]"
956,"[1057749, 1018822, 9803545, 9527323, 1099804]"
957,"[1032703, 14019790, 965009, 5570406, 926206]"
959,"[13654702, 10455984, 1029272, 918150, 1047076]"
960,"[6979437, 850391, 1030406, 847693, 886395]"
961,"[956672, 1125123, 13987010, 9419443, 8069118]"
964,"[1044188, 9297223, 5592931, 1137010, 10344586]"
965,"[6904613, 1037965, 825118, 1120361, 885928]"
968,"[1056847, 1075368, 954673, 966408, 9523058]"
969,"[1029743, 940806, 863762, 988202, 1106523]"
971,"[954416, 1085357, 13190524, 6602199, 13008321]"
972,"[5590765, 832678, 982790, 13008334, 1001168]"
973,"[9837365, 1071446, 9187423, 978851, 13417954]"
975,"[5569327, 910151, 13381584, 995965, 1027835]"
976,"[6533394, 9881592, 948200, 13512204, 9676996]"
978,"[1111129, 13987010, 993592, 9297614, 1039455]"
979,"[888586, 935767, 15595983, 963007, 904236]"
981,"[8290421, 13654702, 1043971, 871722, 5582712]"
982,"[979877, 5563693, 1072523, 1005456, 1073086]"
983,"[834662, 1072494, 884089, 857550, 1125199]"
984,"[9655078, 10455984, 9837365, 987410, 861706]"
985,"[907647, 1086061, 1123434, 13381458, 979452]"
986,"[1116635, 1134143, 5567292, 5572220, 922636]"
987,"[1069039, 845975, 849202, 954416, 7410168]"
988,"[1044188, 906345, 876314, 1056775, 849100]"
989,"[1089766, 1031864, 930955, 5581464, 915715]"
991,"[5585510, 1029743, 854852, 1106523, 844179]"
992,"[1106523, 9677236, 1029743, 844179, 960732]"
993,"[887661, 857550, 9483753, 8293439, 13775274]"
996,"[862582, 862725, 890610, 8249459, 1009187]"
997,"[926033, 994685, 1019247, 1080867, 6463907]"
998,"[901460, 1037840, 13512659, 6979174, 1051283]"
999,"[7169261, 6704207, 8249551, 890010, 12171414]"
1000,"[12427353, 1122609, 1029272, 894570, 858439]"
1001,"[1083599, 1067933, 9673980, 997987, 13775473]"
1003,"[13672066, 8015407, 851188, 1087411, 1134143]"
1004,"[964521, 961620, 15452599, 1046587, 7169089]"
1005,"[1031864, 12731714, 1108168, 992529, 819308]"
1007,"[965889, 1029477, 1046638, 822259, 849274]"
1008,"[910473, 1126899, 8090521, 1106523, 1115971]"
1010,"[1076954, 953539, 1036093, 12384539, 1008675]"
1011,"[13213315, 1081919, 7025044, 905942, 999563]"
1012,"[930385, 838347, 1086352, 1085141, 914826]"
1014,"[6904786, 9523059, 13653496, 865992, 972235]"
1015,"[10455984, 900311, 1037332, 6979578, 1125943]"
1018,"[997011, 931255, 942525, 6513810, 1075032]"
1019,"[1048299, 819840, 7433029, 5567325, 15595983]"
1020,"[13008334, 1071343, 994223, 13956162, 1023196]"
1021,"[10344585, 10306692, 1001475, 1044500, 1102929]"
1023,"[936830, 15972565, 15596520, 14025700, 8019681]"
1024,"[1133312, 5582712, 1092885, 1097001, 10204440]"
1025,"[899473, 12132312, 846764, 1043663, 1120361]"
1027,"[1132771, 862799, 1006835, 1121694, 833598]"
1029,"[964521, 15737492, 852235, 9297615, 909750]"
1038,"[1038745, 820486, 974988, 1052975, 1070898]"
1039,"[972665, 820923, 862335, 831063, 909002]"
1040,"[999090, 1026670, 13072944, 910473, 1105411]"
1041,"[948832, 1116635, 1115098, 941883, 1127470]"
1042,"[856252, 6034569, 1048352, 967461, 9928420]"
1045,"[1043663, 985893, 1003818, 935317, 942166]"
1046,"[7147783, 823862, 888104, 1135552, 1089986]"
1047,"[1064213, 870614, 1108168, 875647, 1038443]"
1050,"[9673980, 1112766, 929231, 1127732, 930603]"
1051,"[1029743, 906631, 1004906, 933835, 1106523]"
1053,"[1107839, 5567098, 7409982, 12731544, 16053142]"
1057,"[1079528, 916990, 852267, 981103, 1013597]"
1058,"[10341855, 1129049, 934369, 6979128, 1032639]"
1060,"[827656, 1069003, 13115579, 833598, 929925]"
1061,"[875089, 965009, 943522, 864137, 1041531]"
1062,"[827656, 919423, 949142, 15452729, 6463907]"
1064,"[942778, 6034569, 936110, 923789, 1017772]"
1066,"[889533, 924352, 933354, 983000, 980263]"
1067,"[12130522, 14077333, 1079023, 911017, 1045826]"
1068,"[1025611, 939546, 1139142, 1059902, 960791]"
1069,"[9419888, 923314, 9419443, 9420181, 904129]"
1070,"[856345, 8293439, 1134398, 7167945, 1003600]"
1071,"[820291, 821890, 1001475, 871513, 1082454]"
1073,"[1013597, 993085, 6919082, 9365106, 873627]"
1074,"[10344585, 7166865, 13775274, 6039640, 990656]"
1075,"[938554, 10149640, 892768, 829323, 1002850]"
1076,"[1101173, 1089954, 948381, 896292, 1034176]"
1077,"[1007597, 12731714, 891632, 893018, 835098]"
1078,"[1026118, 6034577, 885356, 1095944, 6391163]"
1080,"[1067695, 949023, 15926887, 866548, 7409845]"
1081,"[974265, 908217, 1129887, 946995, 5564634]"
1082,"[1051626, 988202, 910473, 863447, 947798]"
1083,"[908843, 864335, 1014054, 13073225, 12301839]"
1084,"[907625, 6704207, 879008, 894451, 1103691]"
1085,"[15926927, 955431, 9297614, 12263276, 9827950]"
1086,"[1076954, 923169, 12731714, 971922, 1008074]"
1087,"[12731432, 1041531, 1075282, 1135573, 9446069]"
1088,"[997011, 1045478, 944534, 1077600, 1112754]"
1089,"[947798, 1108168, 901460, 5568721, 1005173]"
1090,"[916122, 944836, 1029743, 844179, 974265]"
1091,"[1139142, 887744, 1068865, 9677670, 1103898]"
1092,"[1128016, 13841744, 1106523, 1098284, 1029743]"
1093,"[962229, 9828865, 9884484, 6552995, 6979545]"
1094,"[846811, 897274, 1034955, 1114605, 887526]"
1096,"[1026118, 1029743, 844179, 1022254, 1106523]"
1097,"[981677, 849205, 857130, 922636, 1101104]"
1098,"[912451, 864893, 10341855, 908314, 1135468]"
1100,"[1126899, 910473, 1029743, 844179, 1106523]"
1102,"[1086483, 943320, 1096509, 15924983, 1102929]"
1103,"[922281, 13008133, 994994, 862535, 881101]"
1104,"[1065979, 901460, 1114605, 5571261, 1015731]"
1106,"[1106523, 12757316, 1029743, 844179, 893018]"
1108,"[1106523, 880150, 1029743, 986912, 1037840]"
1109,"[1046816, 834662, 1115576, 5566472, 836085]"
1110,"[1086061, 1775642, 12263085, 1008288, 953539]"
1111,"[1025650, 819840, 1025326, 997309, 7166672]"
1112,"[970160, 1095944, 1131133, 1137100, 965679]"
1113,"[868066, 851716, 1003600, 9655078, 925854]"
1114,"[1044188, 1046555, 997011, 5569135, 12301405]"
1117,"[866548, 849697, 871513, 5569172, 1031316]"
1119,"[901460, 1129610, 1003321, 1103898, 8177622]"
1120,"[849003, 1091383, 5568758, 836645, 960528]"
1121,"[6979545, 1092937, 6552995, 934369, 1122707]"
1123,"[5570398, 13159156, 857176, 1127701, 1079528]"
1124,"[908217, 1048299, 861706, 889509, 13512204]"
1127,"[13841744, 945499, 1114605, 956745, 1134062]"
1128,"[10306692, 7409845, 1043663, 7409844, 1074738]"
1129,"[1096355, 930938, 13842100, 1037332, 872679]"
1130,"[1093413, 918345, 10204440, 1037863, 1109778]"
1131,"[903529, 5592232, 12524439, 942166, 6704088]"
1132,"[1003916, 842407, 1089705, 906646, 5592232]"
1133,"[1112205, 980246, 1055504, 12171765, 1038985]"
1134,"[855914, 1042571, 853448, 900703, 1039672]"
1135,"[893018, 900802, 865511, 1019247, 1001827]"
1136,"[1137346, 859075, 987410, 6979753, 949023]"
1137,"[885290, 924667, 914318, 935527, 12301405]"
1138,"[1015539, 5568721, 15926886, 9835880, 13382200]"
1139,"[942077, 856345, 1028891, 1131625, 833940]"
1141,"[910673, 13841744, 1056509, 9245108, 930385]"
1142,"[1067695, 15737492, 878715, 13008412, 938512]"
1145,"[1108131, 1112754, 1051626, 892768, 985893]"
1146,"[15830568, 15626016, 962967, 13910163, 955854]"
1147,"[1030343, 906509, 9837807, 13094723, 9837153]"
1149,"[1026118, 1029743, 844179, 950638, 1106523]"
1151,"[832968, 1112754, 1136524, 890423, 920191]"
1152,"[1110111, 963234, 850102, 1021116, 5574377]"
1154,"[1000148, 971983, 934427, 835296, 10249297]"
1155,"[8249551, 873324, 844462, 1016800, 871513]"
1157,"[1069506, 1105661, 926033, 954673, 1081919]"
1158,"[1049735, 929018, 8357825, 1124695, 948670]"
1159,"[6391080, 1050741, 5572308, 13007975, 1090587]"
1160,"[976841, 911675, 918335, 946055, 1047349]"
1161,"[1003806, 824272, 992622, 833151, 1137100]"
1163,"[926033, 8019186, 888178, 1103513, 12525244]"
1164,"[13654702, 850574, 1118332, 6979535, 893676]"
1166,"[1093603, 5566800, 1097846, 1134296, 824072]"
1167,"[964521, 953243, 1063577, 5572738, 8019977]"
1168,"[1019637, 1055044, 983584, 916993, 1044078]"
1169,"[12946027, 929373, 1038663, 902377, 1072917]"
1171,"[864893, 919534, 893018, 14106445, 945499]"
1172,"[963686, 911017, 1003054, 1118264, 835017]"
1174,"[896862, 15926927, 6904613, 937928, 6919082]"
1175,"[898361, 963365, 5565840, 5565453, 1056005]"
1178,"[946793, 856687, 891901, 6534074, 1069039]"
1179,"[962229, 6514030, 827578, 1065979, 1056509]"
1180,"[12781777, 1104649, 12456867, 5587656, 1093413]"
1182,"[1029743, 880150, 1106523, 999779, 1016800]"
1185,"[1121360, 1059902, 1106523, 12946027, 1104349]"
1186,"[903800, 1094924, 839357, 6034577, 12692328]"
1187,"[910673, 986869, 854900, 8116306, 974179]"
1188,"[1131384, 13115938, 10285364, 1082090, 978077]"
1189,"[819840, 904997, 1082212, 1026118, 829323]"
1190,"[928263, 1116635, 842783, 1135195, 1043920]"
1191,"[1003806, 7433029, 890695, 842140, 968992]"
1192,"[1136524, 1019078, 824180, 5587656, 854900]"
1193,"[1013928, 1075277, 957951, 1108940, 885217]"
1194,"[1038745, 910473, 849202, 10457044, 1129610]"
1195,"[1049372, 15926507, 946995, 1091090, 972437]"
1196,"[1047076, 1012801, 1096458, 924864, 6423848]"
1197,"[9677466, 9677551, 1135971, 9859111, 964120]"
1198,"[900586, 915064, 1095342, 1137507, 1092588]"
1201,"[1029743, 865456, 868066, 839438, 1056509]"
1202,"[9925966, 13382402, 1029743, 8090536, 1016709]"
1203,"[1137387, 1027068, 13008136, 12524439, 5583751]"
1204,"[951651, 1062283, 1039672, 1096290, 1039455]"
1205,"[833598, 1072086, 5571176, 896958, 855371]"
1206,"[7409618, 951164, 941145, 1104647, 1122732]"
1207,"[1029743, 883202, 1037840, 1106523, 5568489]"
1208,"[1098284, 9420159, 1065259, 10198378, 12731432]"
1209,"[1029743, 986912, 953539, 1106523, 5568378]"
1210,"[1036930, 1051516, 7166861, 987410, 1118033]"
1211,"[918598, 6034577, 879504, 1037631, 9333734]"
1216,"[946995, 915605, 1031864, 999625, 898063]"
1217,"[1139142, 1075007, 962588, 7441118, 1124695]"
1218,"[1067494, 1065979, 852360, 1042765, 958663]"
1219,"[844179, 1128016, 1022254, 934369, 1029743]"
1221,"[1029743, 1055504, 916993, 1106523, 999104]"
1222,"[849505, 857550, 5570383, 15596607, 1091090]"
1223,"[12731517, 1078741, 937791, 954997, 1094744]"
1224,"[1025611, 920191, 1022066, 1076199, 1109778]"
1225,"[961620, 849505, 13213552, 863762, 10198402]"
1226,"[6463445, 979312, 963971, 864857, 8019954]"
1227,"[5568378, 1132771, 880150, 1037840, 1122358]"
1228,"[8019186, 1115800, 13073225, 979022, 995505]"
1229,"[1037332, 862799, 1038174, 938596, 1134633]"
1230,"[1126899, 1029743, 1106523, 986912, 1121393]"
1231,"[824272, 13877012, 8359154, 955431, 1014116]"
1234,"[933354, 854496, 1042702, 916990, 1127716]"
1236,"[965766, 986869, 1037840, 1112766, 969568]"
1238,"[829323, 834826, 8091654, 891866, 994223]"
1240,"[856345, 865718, 1044259, 9676851, 10457044]"
1245,"[874149, 1112766, 969866, 936117, 1112205]"
1246,"[12781777, 1137507, 860703, 980448, 5565453]"
1247,"[921504, 1117690, 1034955, 889551, 1138631]"
1248,"[865511, 925862, 13158064, 914753, 888054]"
1249,"[1106523, 1029743, 823990, 832678, 925862]"
1252,"[1119946, 1102929, 961979, 9526572, 5566321]"
1255,"[1106523, 1029743, 1056509, 986912, 856252]"
1256,"[832968, 962266, 9837092, 976293, 1076247]"
1257,"[13039088, 10306692, 999090, 908408, 998964]"
1258,"[999563, 9527174, 1079541, 852600, 944809]"
1259,"[916993, 6533608, 960732, 961979, 1037332]"
1260,"[999104, 15972790, 1067748, 949257, 999794]"
1261,"[840227, 1056212, 1109805, 937555, 1113651]"
1263,"[10198378, 871722, 850102, 1016800, 988116]"
1264,"[1087618, 1136341, 5574369, 972418, 1122536]"
1265,"[1054402, 1067606, 879504, 865992, 865511]"
1266,"[8203851, 13002864, 6602697, 5571261, 1104649]"
1267,"[1036699, 869105, 922092, 12484397, 15972565]"
1269,"[1003916, 820582, 855914, 960528, 6533368]"
1270,"[1026118, 923751, 5586918, 1009518, 5569439]"
1271,"[9834000, 899459, 6533936, 978343, 924198]"
1272,"[12810337, 974766, 870614, 979022, 1023196]"
1274,"[963835, 5569792, 879504, 1047301, 1004867]"
1277,"[1116635, 1009631, 1006483, 1090884, 843929]"
1279,"[1038745, 822259, 969866, 16053142, 891463]"
1281,"[1044078, 1070820, 834117, 1029743, 1106523]"
1282,"[1108131, 13115938, 6464180, 1092502, 922092]"
1283,"[1106523, 1029743, 1098815, 1044078, 6463729]"
1284,"[1129322, 864893, 1038745, 6463729, 955914]"
1285,"[13008321, 970605, 1128240, 925364, 947201]"
1287,"[1130375, 1045007, 841584, 9297461, 943169]"
1288,"[1090587, 1008675, 12949607, 822583, 908412]"
1289,"[1064213, 9677454, 1055155, 9884484, 903852]"
1290,"[859426, 1039627, 956486, 6463752, 999625]"
1291,"[862582, 927238, 1007414, 851188, 6464208]"
1293,"[1065259, 944534, 1135468, 908843, 1103629]"
1294,"[909800, 6423848, 15452904, 999965, 966558]"
1295,"[7410335, 965864, 5569135, 9297223, 931255]"
1296,"[7467039, 1007279, 935578, 852235, 1004385]"
1297,"[1026118, 865892, 1136732, 931239, 867138]"
1298,"[15717057, 931255, 1053628, 1127701, 838347]"
1299,"[843929, 1043663, 1016129, 6979578, 871513]"
1300,"[853448, 9245108, 1061402, 13039088, 1056267]"
1303,"[881055, 959272, 1118946, 10456174, 9837092]"
1304,"[1029743, 1129609, 871611, 1038745, 1044078]"
1305,"[5565392, 944139, 1069538, 904129, 837644]"
1306,"[1039627, 1067779, 12301839, 1085333, 1055737]"
1307,"[13654702, 9297574, 848107, 5568758, 990869]"
1310,"[13382402, 1028938, 13008103, 9368289, 862682]"
1312,"[1121360, 5568606, 889509, 911974, 1044207]"
1313,"[1074449, 9803545, 7160764, 1075470, 920109]"
1314,"[1050741, 963365, 10456164, 1102416, 1036930]"
1316,"[1137010, 982790, 13213552, 1034955, 951164]"
1317,"[923314, 5568489, 7442008, 5565322, 1016298]"
1318,"[925862, 941368, 904241, 1055902, 6632744]"
1319,"[1095944, 12132648, 1050645, 6464074, 981165]"
1321,"[9803545, 1075470, 9834000, 1113381, 992529]"
1325,"[890423, 1030343, 1057365, 928850, 9337958]"
1326,"[1056212, 858999, 1043663, 12524016, 9575582]"
1328,"[875089, 13841744, 922561, 955914, 963676]"
1329,"[1120361, 1044487, 869755, 1008736, 861706]"
1330,"[1112766, 861021, 7160185, 7169089, 6534074]"
1331,"[963686, 1031316, 1078666, 12731517, 1124520]"
1332,"[1112205, 954110, 1030343, 997309, 953653]"
1333,"[843418, 888586, 1069003, 1053988, 5995603]"
1334,"[1029743, 868548, 7442008, 1106523, 844179]"
1335,"[835973, 10306692, 1010681, 6034577, 5568758]"
1336,"[845082, 935993, 926905, 996009, 15926927]"
1337,"[923670, 892500, 9333437, 7410361, 914318]"
1338,"[940731, 842392, 1098284, 13210025, 5565322]"
1340,"[1106523, 1029743, 13654702, 861706, 844179]"
1344,"[1018780, 1008288, 1056413, 7168057, 1051283]"
1346,"[8090560, 1082212, 9803433, 5568758, 1063577]"
1347,"[867827, 853927, 820612, 984680, 1135195]"
1350,"[855914, 1120179, 919534, 861184, 974988]"
1351,"[1057749, 1029743, 6034577, 1106523, 819978]"
1352,"[840227, 871722, 823099, 915493, 1045826]"
1353,"[1137346, 15926844, 935993, 833940, 900586]"
1354,"[927030, 1003600, 1007269, 980263, 880969]"
1355,"[1126899, 1029743, 844179, 880150, 1106523]"
1356,"[1102829, 924611, 1022859, 13416891, 8119101]"
1357,"[866548, 1029743, 838186, 1106523, 844179]"
1358,"[1050741, 6039994, 1120275, 825317, 999613]"
1359,"[1001412, 868909, 1081919, 908843, 1113381]"
1362,"[13417761, 1121393, 7169088, 1038463, 890604]"
1363,"[13842089, 862010, 1133745, 1043787, 1034956]"
1364,"[1119667, 1101378, 928589, 1100533, 842930]"
1366,"[922561, 856687, 7409970, 5566800, 13213480]"
1367,"[861021, 1051691, 1116635, 1075175, 970866]"
1368,"[9297191, 5565453, 994685, 9803199, 15452641]"
1369,"[985889, 845307, 857538, 1011926, 824180]"
1370,"[971474, 5563693, 1001333, 919534, 1121360]"
1373,"[1029743, 944137, 1098844, 844179, 1126899]"
1374,"[1093603, 944534, 1084036, 9828865, 1112766]"
1375,"[823099, 10306692, 985889, 1125497, 944249]"
1376,"[9831557, 9836752, 1034176, 1113261, 957267]"
1378,"[1062002, 10306692, 909268, 912817, 10306817]"
1379,"[9677236, 962229, 993379, 840227, 937413]"
1380,"[1106523, 844179, 1029743, 1044078, 986912]"
1381,"[844179, 1029743, 1106523, 1044078, 1126899]"
1382,"[6533681, 5570383, 9416729, 1115553, 950118]"
1383,"[13190349, 12695508, 1060292, 15926507, 945611]"
1384,"[999270, 5592931, 947798, 1072693, 880150]"
1385,"[1112754, 15926887, 890909, 852014, 5568197]"
1387,"[944534, 1017369, 9297062, 960791, 854133]"
1388,"[1068865, 1022066, 822583, 5570383, 873577]"
1389,"[1111937, 8091225, 13115809, 964120, 5566066]"
1390,"[842558, 1095486, 833598, 13008334, 6034569]"
1391,"[7410320, 965772, 13213480, 911311, 9828865]"
1393,"[889533, 895268, 12757544, 9677670, 1095944]"
1394,"[13115981, 1131133, 1021715, 845975, 977508]"
1395,"[6533608, 1096509, 951590, 1139782, 1130375]"
1397,"[1062283, 992529, 1024051, 1092937, 918046]"
1398,"[844179, 1050741, 916993, 999779, 8090537]"
1399,"[1093571, 5580801, 9673830, 1004001, 1133191]"
1401,"[1043663, 1029743, 1106523, 844179, 1044078]"
1402,"[9884698, 969866, 888586, 1042765, 6773232]"
1405,"[871563, 6533581, 7160764, 12171886, 971709]"
1406,"[939891, 1015508, 907993, 7441303, 1088560]"
1408,"[15452705, 1032703, 865511, 1014999, 1021715]"
1409,"[851528, 12731714, 1116050, 942565, 820347]"
1410,"[13213552, 1096066, 883940, 1080784, 5583751]"
1412,"[885290, 1122568, 9487606, 1080989, 862799]"
1413,"[1106523, 1029743, 880150, 986912, 844179]"
1414,"[1126899, 1029743, 1106523, 1004906, 844179]"
1417,"[10198378, 13841744, 839208, 899459, 842392]"
1418,"[7409618, 836423, 9297191, 892144, 13512734]"
1419,"[10204440, 1019637, 842264, 1048727, 936117]"
1421,"[1043751, 1083787, 1079228, 7169089, 1049131]"
1423,"[5981267, 13008334, 1082185, 12731517, 1056509]"
1425,"[832937, 1005173, 1075470, 1097846, 916575]"
1426,"[1013868, 1115387, 1101173, 1082990, 1071594]"
1427,"[1075032, 996009, 9523059, 6979753, 1025326]"
1428,"[7410347, 1128161, 13213315, 1023546, 1008602]"
1429,"[1126899, 1004906, 1044078, 983584, 1029743]"
1430,"[883202, 900311, 903019, 13377247, 1101104]"
1431,"[874112, 1013982, 934399, 849544, 12692328]"
1434,"[908283, 6979128, 889533, 13775274, 5566309]"
1437,"[1032703, 897671, 927382, 1029685, 7410370]"
1440,"[6464180, 12524439, 951855, 9446069, 13381584]"
1443,"[959638, 1063907, 906844, 1130397, 958891]"
1445,"[1009361, 1092669, 984996, 1087851, 6979415]"
1447,"[1106523, 1029743, 1128016, 1088910, 1126899]"
1450,"[845208, 12731432, 1120179, 6396492, 993379]"
1451,"[1041688, 1019278, 1041531, 921763, 1014458]"
1452,"[9368289, 1013928, 837495, 1008032, 1004390]"
1453,"[1092588, 1043787, 12171656, 1051468, 1002172]"
1454,"[6514160, 882604, 1049695, 9837092, 931153]"
1457,"[1136524, 823990, 910673, 1127838, 822115]"
1458,"[962266, 8019748, 5565425, 888586, 1006664]"
1459,"[974265, 948832, 857130, 12781666, 912476]"
1461,"[8069118, 973181, 5568995, 1133654, 901396]"
1462,"[885290, 993085, 939275, 1060543, 10457375]"
1463,"[8090560, 850102, 903529, 992529, 989069]"
1464,"[908408, 973916, 1075275, 997309, 9523059]"
1465,"[827656, 829323, 6919082, 962516, 921406]"
1467,"[15926712, 5569327, 986912, 8090539, 8090653]"
1470,"[1063739, 13512204, 834396, 1069531, 1049372]"
1471,"[1126899, 1106523, 1029743, 983584, 8090521]"
1473,"[6464150, 938118, 862876, 988914, 1099862]"
1474,"[883932, 9487606, 948119, 977882, 902396]"
1475,"[6533608, 906844, 969568, 963971, 1110039]"
1476,"[1057749, 6704088, 1115112, 823099, 9831557]"
1479,"[1110244, 13115914, 977374, 6979415, 1036159]"
1480,"[1029743, 1106523, 1132771, 1037840, 1122358]"
1481,"[13513326, 1110692, 13115822, 1124475, 13416784]"
1483,"[864335, 5592931, 1139142, 857538, 918098]"
1484,"[1109832, 9419443, 993085, 885592, 1036347]"
1485,"[12302114, 935993, 878715, 1052294, 971646]"
1487,"[951197, 940947, 1051283, 1083813, 5569230]"
1488,"[1059153, 979674, 1017201, 1015731, 13382402]"
1489,"[9553382, 1121384, 1134483, 1013597, 1088910]"
1490,"[9297574, 9297062, 8290421, 969866, 972143]"
1491,"[928749, 839818, 981677, 1039441, 8014645]"
1492,"[1108131, 12731517, 6904786, 934427, 1028166]"
1493,"[835973, 1124971, 951197, 1018007, 5592610]"
1494,"[1004390, 987571, 822524, 1110779, 15924983]"
1495,"[1108131, 12731621, 1011974, 1038745, 1004390]"
1499,"[14106445, 16053142, 9655078, 1018822, 9297615]"
1500,"[1137505, 12731544, 1092502, 1059153, 1091090]"
1501,"[1006342, 1125497, 8019186, 858439, 1106271]"
1502,"[13842089, 907647, 828588, 7441668, 9338009]"
1506,"[14077333, 869047, 1013928, 1123146, 12301100]"
1507,"[13841744, 825218, 1043751, 843343, 936355]"
1508,"[871722, 891632, 1042571, 7168431, 959179]"
1509,"[851343, 1046037, 1016800, 10456354, 5588817]"
1510,"[1096509, 986912, 9834742, 1001475, 1036699]"
1511,"[7151824, 845193, 7146026, 906335, 7146027]"
1512,"[978077, 5981267, 12524960, 904129, 5566472]"
1513,"[9677874, 892500, 1112825, 827079, 1125391]"
1514,"[906335, 857348, 994614, 1007082, 843819]"
1515,"[1074449, 897274, 8249459, 1029313, 12384539]"
1517,"[836286, 9419487, 9676851, 1037965, 964120]"
1518,"[853124, 908287, 874563, 983897, 1015280]"
1519,"[15717057, 15972790, 942165, 1084811, 1133210]"
1520,"[15926844, 13072944, 1054819, 5577022, 12808385]"
1524,"[1051691, 1122568, 852690, 1095751, 830973]"
1525,"[12301839, 845208, 893018, 835973, 1103629]"
1526,"[864335, 1109778, 842698, 900586, 1090676]"
1527,"[826239, 862335, 1138243, 12428017, 7410168]"
1528,"[9837807, 1045363, 9837153, 1006922, 1017772]"
1529,"[863885, 936117, 13213240, 825749, 820582]"
1530,"[936830, 938300, 999104, 1055504, 1051516]"
1531,"[6442441, 1137505, 12731517, 1067449, 1014732]"
1532,"[1113164, 911609, 929373, 8090513, 862010]"
1533,"[971474, 1029743, 1106523, 916122, 986912]"
1534,"[13133916, 15926507, 867272, 859063, 13512837]"
1535,"[9884484, 1025611, 5592931, 987410, 1091793]"
1536,"[901776, 1137010, 865511, 899201, 897088]"
1537,"[6391137, 6464208, 918150, 15630094, 872066]"
1539,"[1029743, 844179, 1126899, 1037840, 1106523]"
1540,"[7442008, 10204440, 8015407, 1092937, 896757]"
1541,"[936914, 849578, 13115375, 1068865, 931579]"
1542,"[981660, 6919082, 12517411, 15860306, 5569172]"
1543,"[1043494, 8090560, 1072693, 923314, 888476]"
1545,"[12172239, 9835960, 901067, 9835947, 1091865]"
1546,"[13841744, 1079023, 1059902, 1070129, 933492]"
1547,"[1078666, 1016709, 9419525, 15972790, 15972565]"
1548,"[890423, 912063, 1134483, 856252, 875392]"
1549,"[1051516, 819845, 8203851, 985071, 919681]"
1550,"[871513, 908843, 5587656, 1013703, 12132312]"
1552,"[7166865, 1121393, 916758, 869728, 12132648]"
1553,"[1037840, 1029743, 1106523, 1132771, 880150]"
1555,"[856687, 1091158, 7409970, 12385374, 856455]"
1556,"[948670, 896757, 1027512, 863030, 1036930]"
1557,"[972342, 883606, 888586, 1026118, 1102829]"
1558,"[839438, 1030093, 5581335, 5565425, 5588817]"
1559,"[1026945, 958663, 6514222, 9396673, 1019707]"
1560,"[1121384, 1021519, 823704, 985445, 12301839]"
1563,"[14050366, 904092, 1110039, 966778, 1134633]"
1564,"[1106523, 1029743, 852235, 971922, 1043494]"
1566,"[851528, 1025326, 13115809, 1111937, 943940]"
1567,"[8015407, 1084036, 934639, 1121193, 1026118]"
1568,"[999794, 12731543, 882489, 1085369, 1066251]"
1570,"[9803433, 839853, 16053142, 9483753, 1001475]"
1571,"[944836, 1029743, 1121360, 1043494, 1118946]"
1572,"[1048185, 12257418, 1088683, 1117569, 851343]"
1575,"[947875, 939527, 852360, 901776, 900802]"
1576,"[1037863, 1029743, 1106523, 986912, 1126899]"
1577,"[5570048, 997796, 934427, 1043971, 5581464]"
1578,"[931255, 829852, 912902, 916575, 909618]"
1579,"[15926712, 15452729, 15629917, 1029651, 1093413]"
1580,"[849100, 1134143, 1079987, 968326, 918746]"
1581,"[863436, 13382402, 12384431, 993085, 13513326]"
1584,"[1059347, 974204, 1134483, 1028891, 957736]"
1585,"[8355974, 13008103, 10182862, 13008079, 859063]"
1587,"[1029743, 953539, 1067695, 1106523, 1137346]"
1588,"[948942, 864752, 9547021, 1062117, 936830]"
1590,"[944836, 825118, 6533608, 951954, 1109463]"
1591,"[1001827, 1100322, 889533, 939605, 1048962]"
1592,"[1074449, 884945, 9884698, 6979526, 10201384]"
1593,"[1123434, 5592232, 898121, 958663, 941856]"
1594,"[1112754, 5590695, 5572738, 6396492, 1096066]"
1595,"[971922, 1006555, 1110042, 1063373, 1110692]"
1596,"[15972790, 1046816, 998964, 10306692, 1048962]"
1598,"[1120361, 1091383, 830304, 978077, 923723]"
1599,"[7410168, 1135468, 1017201, 9837807, 983106]"
1600,"[1093413, 1106523, 1136755, 1029743, 1108131]"
1602,"[1044259, 9836434, 929893, 1041512, 995895]"
1604,"[832678, 968164, 1105301, 1051211, 1029743]"
1607,"[13776705, 6533608, 920109, 902820, 5981072]"
1609,"[6632283, 862725, 1055737, 959179, 6464105]"
1611,"[1037840, 910473, 1026118, 1106523, 1029743]"
1612,"[1039672, 1072524, 995198, 7167865, 9925966]"
1614,"[1082185, 1029743, 1055504, 9831557, 960732]"
1618,"[12171414, 916487, 955921, 1022340, 1010681]"
1619,"[970160, 841309, 1006586, 867138, 12731467]"
1620,"[13842089, 5587656, 953539, 5569792, 13381584]"
1621,"[9297062, 972931, 1075293, 7166861, 7147145]"
1622,"[1062002, 1031864, 8205418, 1026209, 1099802]"
1623,"[8249383, 1017221, 1119784, 948832, 1084036]"
1624,"[819840, 1026118, 997309, 1052975, 954525]"
1627,"[880427, 1011926, 861184, 1038745, 13672066]"
1630,"[1098284, 864893, 865026, 1135834, 990869]"
1631,"[965889, 1097661, 1045478, 967461, 862582]"
1632,"[916993, 1111129, 956672, 825703, 954110]"
1633,"[13008334, 13007846, 906646, 1090676, 1064213]"
1634,"[907631, 7442008, 1022299, 6423751, 842392]"
1637,"[827999, 1053282, 1014948, 948384, 986912]"
1638,"[1029743, 907625, 1121384, 1044078, 1004906]"
1640,"[1120179, 13672066, 1037840, 859809, 1110559]"
1642,"[970160, 1095944, 1137688, 1044500, 943169]"
1643,"[917033, 1016800, 1091158, 1046638, 1102207]"
1644,"[1106523, 1128016, 1029743, 1070820, 986912]"
1647,"[1029743, 1132771, 1106523, 887503, 880150]"
1648,"[985699, 9553382, 832968, 1084036, 6979393]"
1649,"[1051516, 6391381, 869728, 1011926, 991546]"
1650,"[944137, 13039088, 9837501, 903325, 979439]"
1651,"[1122428, 12263907, 1114483, 1055737, 10306692]"
1652,"[5567502, 1092937, 1022340, 7166672, 1055155]"
1653,"[1097603, 8159997, 1055572, 12731543, 870843]"
1654,"[9553347, 1029743, 1106523, 1024306, 9925966]"
1657,"[1106523, 1116635, 1029743, 957063, 839208]"
1658,"[841236, 885290, 870614, 1044500, 15972790]"
1659,"[843929, 958663, 897671, 10457471, 976652]"
1660,"[827194, 955854, 1032703, 5570408, 880714]"
1662,"[880427, 9837365, 12988031, 992986, 888275]"
1663,"[1029743, 1106523, 1053530, 844179, 1044078]"
1664,"[13213552, 935993, 876815, 1048208, 1097237]"
1665,"[5568721, 1037631, 1040222, 941856, 1024051]"
1666,"[1122358, 1004390, 893018, 850102, 983584]"
1668,"[1121393, 849100, 1011089, 8019273, 9836752]"
1669,"[1029743, 8290421, 972191, 1106523, 920109]"
1672,"[1096066, 13158064, 15924983, 6034569, 1035207]"
1673,"[13842089, 912063, 1018809, 1016377, 993838]"
1676,"[1053403, 1117219, 888586, 902292, 1026258]"
1677,"[1135971, 901460, 9333437, 6464180, 826695]"
1680,"[843911, 869728, 1129610, 12524960, 1085333]"
1683,"[5574377, 923654, 976767, 12524960, 1106091]"
1684,"[6533878, 890423, 1063739, 1134678, 1118235]"
1685,"[7409970, 856687, 1069039, 1049735, 7410289]"
1686,"[953539, 986912, 1106523, 909472, 1017325]"
1687,"[823099, 858439, 1010079, 5995603, 1138243]"
1689,"[978077, 858514, 1133254, 1000753, 1098284]"
1690,"[1103691, 5568721, 939546, 6534480, 6534077]"
1692,"[1001702, 9527417, 1015474, 1088683, 922092]"
1693,"[10455984, 6391381, 1056620, 5592610, 1083043]"
1694,"[835098, 895166, 856252, 9832469, 894570]"
1695,"[1082185, 1004596, 1001475, 849274, 1026945]"
1696,"[6979806, 823576, 6978852, 888543, 9836460]"
1697,"[993838, 1068865, 5568489, 992151, 1016800]"
1698,"[9835451, 1088683, 902377, 1098815, 1104649]"
1699,"[830203, 993638, 15452599, 5569327, 7166861]"
1700,"[8249371, 1052975, 930385, 5567292, 15452729]"
1703,"[1067695, 5592931, 909800, 5566800, 1098435]"
1704,"[873324, 1126899, 1029743, 1106523, 890610]"
1705,"[942151, 6602697, 969866, 1085333, 1020623]"
1706,"[916122, 1106523, 844179, 1029743, 1044078]"
1707,"[962229, 1091383, 9884484, 846811, 908283]"
1708,"[919534, 1090676, 839208, 1018822, 10149656]"
1709,"[7166861, 937791, 13158064, 994685, 962991]"
1710,"[1024198, 1053988, 842630, 1023196, 845975]"
1712,"[869943, 5588365, 964521, 1037840, 1131488]"
1713,"[1060312, 13841744, 1032703, 13910974, 835973]"
1715,"[942151, 822848, 1030343, 983000, 995895]"
1716,"[10121984, 12171414, 859075, 1071594, 910151]"
1717,"[852360, 1055425, 899682, 848319, 882489]"
1718,"[12171414, 1139782, 1069039, 1134473, 849100]"
1719,"[6443283, 859426, 1131133, 1040701, 1002178]"
1720,"[1071594, 936215, 885928, 1003806, 1074449]"
1721,"[940947, 1122568, 986912, 910673, 1029743]"
1722,"[7409970, 9527174, 978077, 829852, 996795]"
1723,"[6396244, 870559, 922561, 1014956, 6979393]"
1724,"[843911, 980246, 1116733, 958663, 6463752]"
1726,"[963835, 1044487, 849100, 1071446, 6391381]"
1728,"[865156, 13115579, 9419470, 8293439, 13115813]"
1729,"[13095350, 10285373, 909750, 824272, 13115785]"
1730,"[1106523, 1029743, 1092588, 1031864, 983584]"
1731,"[5569135, 987410, 888054, 953653, 8249459]"
1732,"[7410201, 940278, 823099, 10149656, 869676]"
1733,"[885290, 6904613, 6904467, 850102, 894439]"
1734,"[1106523, 1029743, 1122568, 1026118, 950638]"
1735,"[1082990, 859426, 965041, 912147, 6534902]"
1737,"[901062, 916122, 1029743, 1132771, 1037840]"
1738,"[957063, 1118033, 1040807, 827656, 819978]"
1739,"[1106523, 5568378, 13841744, 1029743, 1122568]"
1740,"[12946027, 854754, 1002771, 1061982, 885406]"
1742,"[908843, 864335, 1114653, 1019637, 929018]"
1743,"[843911, 954673, 1011427, 7442008, 1126294]"
1745,"[988697, 902377, 7166861, 936914, 999779]"
1747,"[977559, 951727, 6424471, 1011502, 1121694]"
1748,"[936117, 1061402, 13512017, 914577, 912860]"
1749,"[1131488, 934399, 907993, 1042571, 980448]"
1751,"[1082990, 882308, 825365, 906830, 5567502]"
1752,"[1075282, 1071594, 5592261, 922561, 12132315]"
1753,"[1089066, 1116028, 835243, 10198402, 915605]"
1754,"[12301338, 12349850, 1028715, 843911, 1011141]"
1755,"[1093413, 820923, 8090513, 968164, 951855]"
1758,"[1076954, 953539, 1115553, 1120361, 896085]"
1759,"[7410289, 1111986, 10200563, 996795, 1077281]"
1760,"[983584, 15630094, 1029743, 906838, 1082185]"
1761,"[12263364, 13213552, 1078478, 6904786, 1076516]"
1762,"[939546, 1016800, 6513810, 907309, 1018954]"
1763,"[834396, 5569172, 949023, 1118623, 12172409]"
1764,"[6979806, 876570, 1096044, 1075796, 1054539]"
1765,"[7169088, 1043494, 13672066, 1084036, 12949590]"
1766,"[1040807, 880714, 975649, 1044078, 1029743]"
1767,"[1116635, 1089021, 953539, 1112766, 7147142]"
1768,"[12946027, 6391134, 1135044, 1003616, 1134633]"
1769,"[906646, 5563693, 999625, 16100266, 920191]"
1770,"[960791, 1118878, 903529, 947875, 8019681]"
1773,"[7410370, 9676947, 8019233, 9527323, 947146]"
1774,"[951197, 869388, 934852, 1071148, 889509]"
1775,"[9655078, 1122568, 978343, 6514201, 12188195]"
1776,"[1086483, 838940, 9833335, 1060673, 939636]"
1778,"[949965, 1007414, 955921, 842522, 837644]"
1779,"[963365, 951094, 1125391, 13002975, 1036930]"
1780,"[834491, 1091383, 1019078, 7166865, 1137010]"
1781,"[847207, 15596834, 1063373, 949257, 6772803]"
1783,"[993592, 918598, 1016274, 1002178, 1092502]"
1784,"[5592232, 849578, 954416, 893042, 1014054]"
1785,"[1131321, 938512, 847186, 9526100, 1120361]"
1788,"[935767, 963007, 6391381, 934399, 963689]"
1789,"[955716, 986912, 1106523, 988202, 1029743]"
1790,"[1045007, 13213567, 1131634, 1038174, 820923]"
1791,"[1088683, 845894, 915064, 895268, 883940]"
1792,"[827841, 906917, 1075368, 1118946, 880888]"
1794,"[8090513, 842140, 10344585, 13115785, 6533394]"
1795,"[999563, 890610, 5571541, 1125943, 914318]"
1796,"[1116020, 1025581, 1123434, 1075470, 922636]"
1797,"[1076954, 996009, 829621, 1031087, 1112825]"
1798,"[970605, 1093571, 999090, 13008103, 870804]"
1800,"[9420159, 912063, 1081919, 5571261, 9297151]"
1801,"[1116635, 15452599, 854900, 1013928, 9884698]"
1802,"[6533394, 1117358, 9707010, 1049752, 12604479]"
1803,"[997349, 988116, 6904613, 5567950, 922092]"
1804,"[15452647, 10457241, 951164, 13381458, 1075007]"
1805,"[1029743, 948670, 1126899, 1106523, 844179]"
1806,"[984996, 937928, 9526100, 895295, 13944858]"
1807,"[8090560, 908312, 929178, 956274, 1078666]"
1808,"[1037840, 1024198, 1051691, 10457241, 975329]"
1809,"[6034577, 951651, 6463789, 1024198, 15926844]"
1810,"[1098284, 1018818, 985638, 1076842, 1087754]"
1811,"[901976, 1106523, 1135258, 1029743, 923314]"
1812,"[1075282, 8091225, 7143963, 1017201, 1015731]"
1814,"[43020, 1116020, 937403, 831181, 918098]"
1815,"[13877096, 6464074, 13007846, 9526100, 12263842]"
1816,"[1131506, 8119152, 1118264, 951424, 12385373]"
1817,"[1116635, 1005274, 925862, 1036106, 1004390]"
1818,"[1129049, 1039627, 7410201, 827841, 7467039]"
1821,"[1029272, 12524439, 841606, 1114605, 1056212]"
1822,"[1059902, 1048833, 908087, 1036486, 1072917]"
1823,"[1086352, 9676851, 1071343, 1006264, 1060408]"
1824,"[1043787, 862010, 1122707, 1026945, 12385477]"
1826,"[9884698, 929018, 1021715, 899201, 903019]"
1829,"[1076954, 978343, 1135044, 914753, 13653496]"
1831,"[892314, 909268, 1131382, 13189861, 1053016]"
1832,"[1061747, 996009, 8293703, 6391068, 1066251]"
1833,"[972191, 15452599, 1007571, 1090931, 1030122]"
1835,"[1026258, 982755, 1044259, 1054539, 945662]"
1836,"[884073, 1053247, 885928, 1023160, 908064]"
1837,"[859987, 7409975, 1043338, 1115112, 8019681]"
1838,"[1115069, 823990, 1005173, 837561, 845894]"
1839,"[889551, 1011141, 887526, 1132018, 1070727]"
1841,"[925350, 910964, 866828, 1010578, 825295]"
1843,"[1070820, 870165, 1106523, 1029743, 5569230]"
1844,"[921243, 10198402, 1090676, 992529, 919215]"
1845,"[1044873, 934852, 9881593, 823775, 5567954]"
1846,"[839208, 1106523, 1116635, 1029743, 844179]"
1847,"[1105450, 8019649, 825118, 1073426, 991761]"
1848,"[894439, 892573, 1077133, 1135834, 9527323]"
1849,"[5592232, 1040416, 899459, 1013703, 1075007]"
1850,"[852235, 1023196, 9245040, 5576075, 1128395]"
1853,"[1029743, 986912, 983584, 1021116, 1106523]"
1854,"[5576075, 980246, 1072693, 855904, 1055504]"
1856,"[978077, 13115637, 907647, 1057365, 1091090]"
1857,"[970605, 1003616, 925178, 7410347, 1004385]"
1858,"[8119101, 13213239, 8160262, 12782182, 837270]"
1861,"[846482, 987571, 1008714, 930385, 1010079]"
1862,"[6533936, 1125497, 1046707, 1128161, 848605]"
1864,"[1001827, 894570, 10149303, 1065979, 9297574]"
1865,"[1122707, 903800, 1066923, 1098435, 1130729]"
1867,"[868066, 1091858, 861184, 1076842, 849202]"
1869,"[1047076, 5565925, 975649, 1065208, 13213122]"
1871,"[1055425, 854852, 1070820, 970160, 944836]"
1872,"[1134473, 1093571, 885592, 1102416, 12263408]"
1873,"[962229, 834396, 9446069, 863211, 1037840]"
1877,"[922281, 964133, 12648296, 1094744, 9677791]"
1879,"[1121694, 885290, 1082185, 1132771, 895930]"
1880,"[930385, 1029743, 844179, 1106523, 1037840]"
1881,"[852360, 901062, 959638, 959316, 1070845]"
1882,"[1071594, 1126899, 1029743, 844179, 5569230]"
1883,"[936118, 7433029, 1052833, 13987221, 995771]"
1884,"[844179, 1029743, 1079023, 1044078, 1106523]"
1885,"[844179, 1029743, 1126899, 1106523, 899624]"
1887,"[1126899, 957232, 1029743, 1106523, 961979]"
1890,"[1003616, 1061982, 8013899, 6039759, 1117690]"
1891,"[973086, 827079, 1022340, 12484397, 998549]"
1892,"[1093413, 1094744, 9245108, 890610, 851819]"
1895,"[1129049, 1044078, 1029743, 917033, 1016800]"
1896,"[897946, 1129887, 1137505, 1060408, 13911257]"
1898,"[866540, 1075368, 1106523, 854852, 1029743]"
1899,"[14025268, 851188, 13213209, 887744, 5568758]"
1900,"[13842089, 898847, 1126294, 1116376, 9831557]"
1901,"[852690, 1013928, 1017369, 1018809, 13008065]"
1903,"[1114605, 883186, 8119152, 8090993, 9836752]"
1904,"[1126899, 844179, 1029743, 1044078, 5569230]"
1906,"[1065259, 1118264, 6396174, 871633, 882489]"
1907,"[945499, 845975, 1125601, 1021519, 831223]"
1909,"[1106523, 1029743, 1118033, 9419487, 1068719]"
1911,"[868430, 985699, 1111129, 819927, 1127701]"
1912,"[12302069, 865026, 996891, 878764, 956400]"
1914,"[894439, 892573, 1043787, 1003257, 896292]"
1916,"[885290, 1133210, 1003916, 13008103, 1123254]"
1917,"[1134098, 975085, 829722, 824037, 13654702]"
1918,"[14077304, 6463710, 1118235, 1087081, 871188]"
1919,"[853927, 871514, 839248, 917772, 1004857]"
1920,"[829323, 833724, 1019643, 1118306, 899682]"
1922,"[13382402, 1044487, 10457044, 1091901, 1040511]"
1923,"[1134473, 992986, 856435, 9420064, 1087081]"
1924,"[1067695, 1122568, 9881592, 965772, 908843]"
1925,"[1121193, 12262832, 989830, 834396, 8019902]"
1926,"[1037631, 951094, 12262830, 1062002, 992529]"
1927,"[994093, 895409, 913482, 1090349, 842817]"
1928,"[1019078, 12524960, 908504, 1055472, 958647]"
1929,"[1021116, 1024306, 868548, 896085, 899201]"
1930,"[7410348, 1062117, 9296955, 879008, 6423729]"
1931,"[1048727, 843464, 870195, 1031831, 1019247]"
1935,"[853449, 1120780, 999104, 998519, 1089843]"
1936,"[856335, 5571541, 899038, 859987, 1074449]"
1937,"[1093603, 999104, 836085, 853449, 833724]"
1939,"[926905, 1110039, 853448, 924967, 879876]"
1940,"[950118, 10455984, 836085, 947875, 6904786]"
1941,"[947798, 1044078, 5592931, 1122568, 1029743]"
1942,"[12949607, 13008326, 13877096, 944837, 943320]"
1943,"[1095227, 945499, 7147142, 1044188, 7152455]"
1944,"[880427, 1121384, 994223, 9925966, 1131488]"
1945,"[13906641, 1048299, 12525270, 889533, 947875]"
1946,"[13417853, 920109, 10344585, 16729296, 880234]"
1947,"[1037965, 845193, 919423, 952408, 15452631]"
1948,"[891516, 916993, 981103, 6602590, 1111129]"
1949,"[1136755, 908843, 1004857, 13909964, 1048833]"
1950,"[1131321, 1029743, 921504, 1106523, 1079987]"
1951,"[1127831, 1029743, 1044078, 844179, 1106523]"
1952,"[1029743, 995502, 1050741, 1106523, 1127831]"
1953,"[944137, 10455984, 1046756, 1032733, 870515]"
1954,"[1026118, 1038745, 1019247, 883186, 1084036]"
1955,"[6979191, 1029684, 895910, 918835, 855288]"
1956,"[867709, 970866, 9676852, 5564683, 1018151]"
1957,"[5592232, 9245108, 964520, 1053985, 994223]"
1958,"[1055504, 902396, 1061402, 1040807, 999198]"
1960,"[12731702, 839656, 849870, 899459, 819308]"
1961,"[1050741, 916487, 930385, 1022340, 1088683]"
1962,"[1112825, 1116242, 908575, 869755, 1051207]"
1963,"[886996, 13672066, 12384539, 887744, 1026209]"
1964,"[925350, 870428, 858924, 825118, 994685]"
1965,"[8090653, 5565664, 1075007, 882434, 12757316]"
1966,"[8119101, 1078741, 820486, 1125497, 1112766]"
1967,"[13190349, 909750, 13382402, 958663, 9526448]"
1968,"[1090676, 1082212, 1122358, 1070845, 861021]"
1969,"[858999, 1004596, 12648296, 873964, 944139]"
1970,"[1072086, 969866, 978343, 8019681, 1071713]"
1971,"[1082212, 849870, 7442008, 1043971, 907945]"
1975,"[1071343, 5569376, 1095342, 879699, 1108055]"
1976,"[12599756, 1082990, 910473, 849202, 980246]"
1978,"[1048208, 1046707, 1026670, 6423848, 885928]"
1979,"[6533608, 1121694, 9527323, 1026258, 1126465]"
1981,"[1082212, 1063577, 1087605, 7442004, 1095970]"
1982,"[1082185, 1121384, 959638, 912451, 10142276]"
1983,"[7166865, 822848, 6919087, 7168026, 848107]"
1985,"[1122180, 1130375, 823530, 8116306, 944938]"
1987,"[1043751, 1029743, 1132771, 1122358, 1037840]"
1988,"[974265, 5565392, 9297223, 1069538, 1136341]"
1989,"[898847, 13008326, 9676866, 859063, 1040346]"
1990,"[13987221, 13008412, 13007846, 1037332, 874753]"
1991,"[1044078, 893018, 832678, 1029743, 1106523]"
1992,"[1050741, 1029743, 963365, 1106523, 918598]"
1993,"[1043787, 862010, 1137010, 901067, 1092502]"
1994,"[13213475, 1136341, 6546065, 901397, 5592610]"
1995,"[13039088, 9925966, 9803199, 9677874, 1065208]"
1996,"[6034577, 5995078, 1099446, 823775, 999613]"
1997,"[985889, 13213315, 1073244, 9297614, 1008675]"
1998,"[5592931, 978077, 965766, 1029743, 1082990]"
1999,"[957232, 5569327, 1106523, 883932, 1029743]"
2000,"[1029743, 844179, 1106523, 850102, 930385]"
2001,"[823099, 7168431, 936914, 944139, 1097418]"
2003,"[12757280, 10344585, 836758, 867547, 10344714]"
2004,"[9655212, 1055425, 9803545, 859426, 7147783]"
2005,"[1013868, 951590, 1103629, 15924983, 1029477]"
2006,"[945611, 5574377, 1047076, 904574, 868066]"
2007,"[1129610, 1092303, 981660, 949142, 1064574]"
2008,"[936830, 13115914, 865511, 941532, 5570383]"
2010,"[906646, 948832, 839248, 5567502, 857130]"
2011,"[916487, 973086, 1011427, 999563, 927382]"
2012,"[7433029, 7409845, 892500, 15925334, 868645]"
2014,"[5592931, 930385, 1108131, 1101173, 1015731]"
2015,"[1044188, 940947, 1074738, 7166845, 12301405]"
2017,"[920109, 13987221, 13007986, 983584, 5570004]"
2018,"[993379, 967041, 857130, 1059820, 970152]"
2019,"[1075277, 968992, 1058345, 7410344, 1043166]"
2020,"[6602697, 1123146, 1093413, 9527159, 1036486]"
2021,"[896862, 1019142, 845208, 1013928, 863762]"
2022,"[15972565, 959179, 13073175, 13944905, 906335]"
2023,"[1003699, 7443278, 842499, 1011457, 8090513]"
2025,"[894570, 906646, 5564713, 5570004, 938118]"
2027,"[13841744, 1116635, 896757, 1098815, 13073225]"
2028,"[895295, 882190, 1097661, 9833335, 15452729]"
2029,"[938554, 9523059, 892728, 1091926, 969977]"
2030,"[6533394, 1043068, 1009361, 9834742, 955921]"
2033,"[5564713, 852690, 5567502, 906631, 943320]"
2034,"[1130858, 987410, 12384431, 939527, 929341]"
2036,"[1007571, 9526274, 925854, 913406, 1060408]"
2037,"[1018007, 889863, 845622, 6602440, 1098435]"
2038,"[1076842, 9333734, 1021715, 858730, 1072438]"
2040,"[1067449, 949030, 1044188, 959179, 996891]"
2041,"[5564713, 917033, 973135, 1008814, 1074333]"
2043,"[1093878, 7168056, 1120991, 870111, 1118006]"
2046,"[978343, 942077, 7166861, 916487, 1063577]"
2047,"[1100533, 903529, 1085333, 9803483, 930955]"
2048,"[6391137, 944534, 1136524, 914577, 902396]"
2049,"[1074449, 1056005, 1075277, 1061982, 6463729]"
2050,"[869728, 1109778, 1075786, 1012723, 918345]"
2055,"[912063, 997309, 958663, 1011926, 987311]"
2056,"[1125123, 1043663, 9526274, 9834742, 959272]"
2057,"[1043494, 13213115, 12731517, 1052729, 1086352]"
2058,"[14106445, 901776, 1006342, 1116050, 1010079]"
2060,"[842783, 986912, 1029743, 844179, 6534077]"
2062,"[1120179, 1075293, 1127758, 819255, 7147145]"
2063,"[915874, 961447, 1090676, 885290, 1051516]"
2064,"[13095350, 1006483, 10198402, 1059395, 877770]"
2065,"[996087, 8013544, 1043837, 852015, 917760]"
2068,"[1086061, 1018822, 1078652, 825703, 958729]"
2070,"[896292, 1092937, 1082955, 928263, 1105426]"
2071,"[1129322, 13876791, 955914, 843567, 870614]"
2075,"[1097849, 1131574, 991205, 1043663, 1075293]"
2076,"[972191, 1135578, 5566235, 6463727, 880427]"
2077,"[12731467, 1118878, 10356789, 974265, 1084036]"
2079,"[819840, 1025650, 1072523, 983016, 1139142]"
2080,"[9884484, 1013868, 919534, 871337, 988202]"
2082,"[841309, 1029477, 898361, 12648296, 888178]"
2083,"[6533681, 835017, 941198, 950133, 909497]"
2084,"[12692328, 9652066, 1093603, 843929, 9834837]"
2085,"[13189726, 832513, 1082990, 1101010, 925694]"
2086,"[1121193, 13775274, 13911068, 6395932, 10285421]"
2087,"[859987, 13987221, 916993, 1023565, 1137688]"
2088,"[1128016, 1139142, 867272, 906864, 1136657]"
2089,"[1126899, 1106523, 1029743, 8090521, 983584]"
2090,"[5576075, 1032967, 1037631, 851528, 1075353]"
2094,"[9836460, 1120780, 1013868, 5564713, 1098435]"
2095,"[5569135, 1103629, 10249297, 941856, 12731702]"
2100,"[899459, 990453, 944534, 1137483, 950297]"
2101,"[1029743, 983584, 1101010, 1040807, 883003]"
2102,"[996009, 9333734, 1094562, 926206, 1021519]"
2108,"[6464126, 12731517, 820923, 896757, 10344585]"
2109,"[893018, 1016377, 935993, 15926887, 6464180]"
2110,"[9245040, 1123254, 842630, 8066803, 969403]"
2111,"[849505, 12731432, 906838, 1029313, 1048300]"
2112,"[1082212, 9707078, 978343, 5568987, 5563693]"
2114,"[13672066, 1002771, 907099, 986912, 898847]"
2115,"[12517411, 999563, 819927, 15926775, 1024319]"
2116,"[1122707, 13654702, 6919087, 964520, 1045826]"
2119,"[849505, 12731432, 930385, 8292958, 1092502]"
2120,"[1122358, 1106523, 901062, 1044078, 1126899]"
2121,"[1095374, 1075283, 12754036, 1006483, 9527174]"
2122,"[901062, 1106523, 1044078, 1029743, 1132771]"
2123,"[957232, 824180, 1076199, 980943, 908087]"
2124,"[6602697, 880427, 994223, 1062002, 1007414]"
2125,"[997309, 5581910, 1044207, 899019, 1061402]"
2126,"[13944858, 12352183, 1083118, 1126711, 978851]"
2129,"[7410168, 1024051, 1050851, 981086, 12172071]"
2130,"[909800, 1084781, 912807, 9487497, 894570]"
2131,"[6904786, 6904775, 915900, 13158064, 5567637]"
2132,"[1029743, 832678, 903800, 1106523, 914318]"
2133,"[1117723, 13672066, 1068957, 1019247, 12383754]"
2134,"[6039994, 981660, 9526448, 1121393, 892376]"
2135,"[6534074, 1042571, 922561, 6391381, 942166]"
2136,"[9707498, 6602729, 13906641, 13039088, 963365]"
2137,"[13072944, 13115579, 12385477, 1014999, 1008736]"
2138,"[1080677, 997309, 1050741, 945611, 1015280]"
2139,"[12731714, 1065061, 5565664, 8090653, 986869]"
2141,"[844462, 924596, 9526628, 15860306, 1114605]"
2142,"[923169, 6632283, 5568729, 6704207, 7151824]"
2146,"[973135, 849870, 13671905, 991592, 957089]"
2147,"[1005274, 914577, 993379, 1056267, 953539]"
2148,"[949965, 950894, 827656, 968164, 9707498]"
2149,"[1082185, 13003101, 13416117, 994978, 849202]"
2151,"[844179, 1029743, 1106523, 9884484, 1021116]"
2153,"[13841744, 1029743, 5592931, 1044078, 1004906]"
2154,"[6533362, 1029477, 6904666, 947146, 9836460]"
2156,"[965889, 898361, 834491, 1115387, 9296849]"
2158,"[926033, 1116770, 829323, 1040701, 868888]"
2159,"[1091158, 1038745, 1112754, 13910974, 1087411]"
2160,"[953539, 1106523, 1029743, 844179, 1070820]"
2161,"[865156, 858514, 958208, 976214, 899324]"
2162,"[1016276, 6395907, 862535, 1127716, 979674]"
2163,"[1016274, 1075368, 1081177, 859987, 1106523]"
2168,"[983000, 1128240, 1120928, 13671735, 1070105]"
2169,"[1131321, 1042571, 934639, 6904786, 954416]"
2170,"[7160764, 1037840, 1030093, 1025581, 5570004]"
2171,"[1118807, 1084811, 10121616, 1081533, 15926712]"
2172,"[1101744, 909972, 1012713, 12524009, 1108055]"
2173,"[9707078, 9707461, 15452631, 1132956, 13956162]"
2174,"[1029743, 844179, 1106523, 1019247, 842783]"
2179,"[1038174, 9527174, 1124520, 883186, 1011427]"
2181,"[1034868, 1095870, 952924, 12171765, 1022859]"
2182,"[883003, 835098, 896757, 882604, 946839]"
2183,"[1090676, 880454, 8159536, 914012, 1053016]"
2184,"[1022340, 1010681, 10457241, 824193, 901067]"
2185,"[1071594, 820923, 5569376, 850676, 1116596]"
2186,"[1091383, 1137346, 819927, 999391, 917384]"
2188,"[819978, 845975, 1055737, 1006264, 5564713]"
2189,"[834117, 913210, 1137273, 1029743, 1082185]"
2190,"[983106, 1101744, 6602590, 1094308, 1089025]"
2193,"[889989, 6979526, 912549, 894752, 1118878]"
2194,"[1016709, 13008326, 1042571, 843111, 887661]"
2195,"[849505, 9925966, 9547021, 1117690, 1011926]"
2196,"[12731432, 999104, 953539, 1021519, 7168026]"
2197,"[1044078, 12132312, 820923, 823990, 853210]"
2198,"[15716671, 890610, 892573, 863762, 9835619]"
2199,"[993592, 9707078, 916993, 849003, 9677551]"
2200,"[13513326, 13512734, 9707340, 5566803, 12807251]"
2202,"[844179, 944137, 1121694, 1106523, 1029743]"
2203,"[1018818, 943223, 5568732, 9483647, 957267]"
2204,"[820923, 9297223, 865026, 6396492, 12132312]"
2205,"[856687, 6704088, 962588, 1006586, 820291]"
2206,"[1126899, 1029743, 9803545, 1121360, 983106]"
2207,"[911311, 9297062, 915874, 972143, 840732]"
2208,"[5581910, 1106271, 837644, 1028891, 1013407]"
2209,"[861021, 1031864, 1009732, 1038443, 887744]"
2211,"[1066923, 13073050, 1126045, 12582050, 850834]"
2213,"[1049735, 1134473, 836085, 1038443, 1000148]"
2214,"[1104343, 1082212, 919534, 1029743, 1106523]"
2215,"[1112205, 1025650, 819840, 890695, 857130]"
2217,"[865718, 1092588, 843929, 9338009, 975329]"
2221,"[7410320, 7409975, 6533368, 1120261, 824796]"
2222,"[826385, 840244, 933918, 7407562, 873627]"
2223,"[1097846, 843911, 1096066, 973135, 9677486]"
2224,"[923670, 1015067, 1129610, 1097761, 996009]"
2225,"[13416891, 834662, 894499, 13039267, 9483753]"
2226,"[1056509, 896085, 9297310, 9368289, 925854]"
2229,"[880427, 1127716, 10341855, 1002838, 9832070]"
2231,"[1111129, 920109, 5981267, 1095944, 825703]"
2233,"[1129205, 9526274, 1114218, 855745, 993988]"
2234,"[854754, 1121694, 827578, 961620, 1007259]"
2235,"[12427353, 857130, 5566066, 950133, 943223]"
2237,"[1051626, 950894, 979312, 934427, 1131506]"
2238,"[6391080, 918746, 971983, 1129322, 6396492]"
2239,"[13115637, 1115971, 9245108, 1091383, 912817]"
2240,"[12301839, 1048299, 1044188, 5565392, 1139525]"
2241,"[1021116, 1019078, 5568758, 1000736, 886996]"
2243,"[13072850, 8119302, 1135578, 906026, 1056973]"
2244,"[1108131, 907631, 12172409, 1127396, 1051626]"
2245,"[1123254, 7151415, 942189, 6423786, 5580801]"
2247,"[1115069, 841236, 6602643, 1096509, 10149656]"
2248,"[1091520, 947798, 858999, 886996, 968992]"
2250,"[1033769, 7167903, 7169089, 10204556, 930955]"
2252,"[987410, 1076516, 1058444, 1038443, 1005173]"
2253,"[1029743, 983584, 1038663, 1106523, 1060408]"
2256,"[1070820, 10198378, 7433029, 1133312, 1126899]"
2257,"[1104349, 1106116, 1106523, 1126465, 1029743]"
2258,"[1137505, 947146, 833940, 13189944, 937413]"
2260,"[5568758, 1069003, 882604, 934399, 923314]"
2261,"[1009361, 1070272, 963686, 926905, 1025326]"
2262,"[13095350, 1019247, 5981267, 1122358, 6773232]"
2263,"[1123146, 6391381, 1019078, 859075, 1078652]"
2264,"[1078666, 10457044, 5566472, 13008079, 1100159]"
2266,"[900802, 839357, 10306692, 929893, 923789]"
2267,"[826239, 1097761, 1091901, 13512739, 949294]"
2269,"[999794, 936117, 951590, 855626, 1001702]"
2270,"[1120179, 892500, 1111116, 8019186, 999625]"
2272,"[1104343, 852235, 15596112, 827656, 953539]"
2273,"[912063, 1131217, 842522, 889551, 861256]"
2274,"[1091158, 1088560, 839208, 819840, 1106271]"
2275,"[1040579, 5564713, 941883, 1134483, 1098285]"
2276,"[12946027, 1054539, 912451, 995876, 946839]"
2277,"[1067695, 947798, 6704207, 965009, 1043971]"
2278,"[922127, 1121694, 825135, 842140, 1024319]"
2279,"[849697, 10456467, 1050741, 978077, 1121360]"
2280,"[1093603, 1082990, 1120970, 1048918, 1071746]"
2281,"[951164, 6534077, 13417761, 9547021, 1026758]"
2282,"[833724, 880228, 929925, 900802, 1019643]"
2283,"[1011427, 9419888, 827578, 965041, 15452631]"
2284,"[6514160, 826120, 1042765, 1070105, 855356]"
2285,"[13956162, 7143963, 9707461, 863259, 7464370]"
2287,"[1137100, 980943, 854852, 13008065, 849870]"
2288,"[1118946, 1116050, 9483753, 918335, 861246]"
2289,"[15971546, 834396, 984680, 7467024, 10285017]"
2290,"[827656, 996891, 1037840, 825365, 13115579]"
2291,"[962588, 12523928, 1029743, 983584, 1106523]"
2292,"[865456, 894627, 948670, 835973, 851528]"
2293,"[1016274, 1118120, 8119101, 15860306, 1120361]"
2294,"[909800, 1009437, 8119302, 856335, 1091158]"
2295,"[6533681, 1137688, 916575, 12949590, 930603]"
2296,"[9245108, 1067606, 1078741, 1016709, 982755]"
2297,"[12731544, 1127758, 849870, 1079987, 1029743]"
2298,"[966348, 821741, 871756, 929768, 9469110]"
2299,"[6602697, 834491, 1091858, 1120179, 1103752]"
2300,"[850562, 9396688, 1119993, 1098285, 13382402]"
2301,"[1057749, 13158064, 1138292, 8090513, 1013597]"
2302,"[954110, 1000736, 1048299, 911017, 891632]"
2303,"[1002771, 6533362, 884073, 1114218, 5564067]"
2305,"[9835509, 1064213, 1069039, 923314, 7410289]"
2307,"[852690, 927382, 880234, 1007148, 1052729]"
2310,"[12946027, 1110039, 1097661, 6396492, 1046638]"
2312,"[874149, 1005274, 937403, 9655078, 849205]"
2314,"[995895, 1048257, 1017887, 1109014, 9296836]"
2317,"[944836, 1043971, 872679, 10306817, 842264]"
2319,"[912817, 820923, 922127, 14050366, 13213057]"
2322,"[1044259, 856345, 7151074, 1088540, 13417954]"
2323,"[5565322, 1029743, 1106523, 986912, 1042765]"
2324,"[15737492, 10143784, 938118, 15926712, 865907]"
2328,"[929373, 1082990, 988202, 822970, 9420159]"
2330,"[1057168, 1074449, 1091793, 1053988, 1110692]"
2331,"[997011, 859075, 9523059, 925364, 1043787]"
2333,"[844179, 1116050, 1029743, 1106523, 1070820]"
2334,"[951590, 892573, 906335, 1102416, 5566800]"
2335,"[10198378, 1089705, 1118033, 1075470, 10204543]"
2336,"[13115579, 1012723, 978077, 6463752, 1139525]"
2337,"[1015539, 1067695, 9832469, 1064213, 1097398]"
2338,"[5576075, 12132164, 9368289, 929925, 8091225]"
2340,"[1075007, 9677874, 858999, 982211, 856335]"
2341,"[907625, 1098284, 896757, 1043663, 1044188]"
2342,"[1070898, 7166865, 1016800, 866548, 5566472]"
2343,"[980984, 977867, 851528, 6424472, 15630094]"
2344,"[839438, 951164, 5592232, 862799, 6534074]"
2345,"[849505, 1137346, 15452631, 1103808, 9333437]"
2347,"[1091383, 1065538, 1126703, 835017, 894627]"
2349,"[836085, 13768179, 896611, 13671735, 6961848]"
2351,"[1112205, 938118, 1129205, 8181451, 864335]"
2352,"[991205, 9803819, 1069039, 938607, 843418]"
2354,"[8019649, 825118, 13003101, 954778, 13416891]"
2359,"[6534544, 909273, 1044188, 835988, 926164]"
2360,"[5568729, 869728, 883003, 12263492, 1027068]"
2361,"[898121, 885928, 1029313, 1138487, 865511]"
2363,"[6602697, 944137, 1057749, 6034577, 5569327]"
2364,"[2067041, 1817725, 5707857, 12353780, 1869549]"
2366,"[886996, 853210, 6552130, 12811160, 1026334]"
2369,"[908217, 12385374, 5569595, 1121059, 1011841]"
2370,"[954525, 12731543, 12731306, 1034511, 909472]"
2372,"[12456867, 899543, 10457471, 12452939, 1020623]"
2374,"[1032733, 867702, 988202, 1127716, 1061747]"
2375,"[15926887, 1079023, 989069, 9297223, 1072685]"
2376,"[1057168, 6919373, 15860306, 9677874, 919534]"
2377,"[13189726, 883003, 999270, 1029272, 887474]"
2378,"[952408, 1054402, 9527323, 9677366, 845462]"
2379,"[5567637, 860248, 1111129, 848684, 1069003]"
2380,"[948670, 1039927, 964573, 948119, 1101980]"
2381,"[906646, 890695, 1103629, 1110039, 1021519]"
2385,"[9677874, 1137507, 1034955, 827999, 1014948]"
2386,"[949294, 964385, 987571, 12524439, 821741]"
2387,"[885290, 940947, 921504, 896862, 832678]"
2388,"[930137, 1044487, 1039927, 820923, 1101173]"
2389,"[937736, 993379, 972191, 950894, 5995603]"
2392,"[1103629, 895166, 1038745, 1009368, 12731544]"
2393,"[6391089, 1085435, 962967, 13416891, 6391063]"
2394,"[986727, 967332, 1028887, 1120179, 1029743]"
2395,"[949294, 825731, 1031419, 9835619, 7169261]"
2397,"[883932, 865026, 886291, 1116770, 5569792]"
2400,"[851188, 951855, 1085333, 1096573, 6396563]"
2401,"[854852, 1081177, 1106523, 6979518, 825343]"
2404,"[1029743, 1037840, 1122358, 880150, 1106523]"
2405,"[6602697, 1091383, 835017, 936914, 1127025]"
2406,"[859987, 15596904, 1127227, 983665, 1087062]"
2407,"[1038443, 878442, 1108131, 883940, 1128182]"
2408,"[1129266, 908318, 9268695, 913026, 8020243]"
2410,"[931007, 1037840, 5568956, 1060388, 13008103]"
2412,"[13841744, 858999, 1092937, 969568, 995628]"
2416,"[15737492, 12808385, 849697, 1139782, 12171999]"
2418,"[9245108, 1072693, 1100379, 943076, 964573]"
2420,"[999779, 6904786, 944534, 971962, 1016377]"
2421,"[934369, 849870, 1017369, 1021715, 887102]"
2424,"[14077333, 1072693, 908283, 1080989, 1022340]"
2425,"[1130908, 1100533, 1027208, 956745, 838571]"
2426,"[1058404, 6704207, 1037965, 1043494, 941368]"
2427,"[10341855, 856252, 7168417, 1054539, 1034955]"
2429,"[896757, 845622, 980943, 1086352, 871514]"
2431,"[1038745, 969866, 845208, 1045478, 823990]"
2434,"[1131344, 1068292, 944534, 934639, 969866]"
2435,"[10198378, 12731517, 828489, 12695224, 1006878]"
2437,"[7409618, 7409644, 862010, 13189944, 1015875]"
2438,"[919766, 1126703, 892048, 5592094, 866211]"
2439,"[1025611, 1029743, 1106523, 1122358, 1070820]"
2440,"[1016314, 988275, 824291, 9297194, 1135971]"
2441,"[6552995, 898121, 1004390, 8019681, 1016274]"
2442,"[866211, 1126899, 6602697, 1029743, 1106523]"
2445,"[1122707, 856818, 999613, 901806, 5995626]"
2446,"[1044259, 941368, 1000542, 1023979, 6533394]"
2447,"[883186, 1010079, 15596607, 1006342, 1124520]"
2448,"[1121694, 1054402, 1077546, 882489, 7168058]"
2449,"[868548, 869252, 1034955, 1115098, 964133]"
2450,"[12757280, 980246, 12757065, 841236, 1038985]"
2451,"[9655078, 1131133, 13003101, 1018822, 983106]"
2452,"[1025581, 1014999, 949023, 5588365, 1072086]"
2453,"[9245040, 885968, 12525270, 842789, 883912]"
2455,"[1102416, 1131321, 1075293, 1055022, 8358065]"
2456,"[869252, 8293447, 1065979, 891118, 9420140]"
2457,"[995771, 876115, 938118, 980984, 893362]"
2458,"[823576, 865511, 1061747, 1004390, 1137221]"
2459,"[5576075, 7410201, 6391134, 918638, 1135468]"
2460,"[5568378, 5569230, 878715, 5569792, 1106523]"
2461,"[8067176, 1103629, 13133916, 1135044, 1059229]"
2462,"[824796, 834932, 829645, 916993, 851146]"
2464,"[1082212, 1104349, 844179, 986912, 6534077]"
2465,"[10344585, 997700, 882604, 856252, 1103629]"
2466,"[988202, 902377, 984680, 1037631, 15971546]"
2467,"[964385, 8090536, 6513810, 9653714, 1058754]"
2470,"[1122536, 823356, 950894, 6391381, 1029743]"
2471,"[13008321, 1062002, 13506200, 848319, 1000328]"
2472,"[949294, 962967, 1084036, 927325, 1085357]"
2475,"[1121384, 918598, 839208, 1070845, 1003818]"
2477,"[1096563, 1017127, 883400, 847745, 853210]"
2478,"[9296849, 932949, 1130470, 902820, 934399]"
2479,"[13008321, 1070272, 859987, 947146, 979877]"
2481,"[15926927, 7441303, 859987, 1109376, 13987221]"
2482,"[12731517, 1021116, 912451, 6463729, 868522]"
2483,"[1105488, 1135971, 878996, 948832, 6533936]"
2484,"[878715, 873964, 982000, 877428, 13876791]"
2485,"[970605, 6463727, 1134483, 1118235, 963007]"
2486,"[903325, 855325, 1103898, 861256, 894780]"
2488,"[834962, 13213475, 1003806, 972665, 911017]"
2489,"[13008321, 12171414, 1003916, 9338009, 892500]"
2492,"[914577, 993592, 859426, 1060408, 912004]"
2494,"[1033769, 8119157, 834303, 830245, 9829205]"
2496,"[995876, 842783, 9487534, 12452939, 970481]"
2497,"[1102207, 1135834, 870515, 1010950, 1120361]"
2498,"[1100379, 12524190, 855325, 9297516, 1022066]"
2499,"[13842089, 1115160, 1060872, 6904613, 889989]"
2500,"[897274, 856455, 9677874, 1086061, 887744]"
